age_years,sex_male,bmi_kg_m2,waist_cm,mean_systolic_bp_mmhg,mean_diastolic_bp_mmhg,current_smoking,alcohol_past_12_months,fruit_servings_per_day,vegetable_servings_per_day,vigorous_work_activity,moderate_work_activity,active_transport,vigorous_leisure_activity,moderate_leisure_activity,diabetes_outcome
35,1,32.37864830129787,102.0,159.66666666666666,105.0,0,1,3.0,2.0,0,0,1,0,0,0
36,0,36.093060278977845,107.0999985,111.33333333333331,76.0,0,0,1.0,2.0,0,0,1,0,0,0
37,0,29.08487218595467,102.5,169.0,107.0,0,1,1.0,2.0,0,0,1,0,0,0
64,0,26.412797707767005,106.5,144.33333333333334,78.33333333333333,0,0,0.0,2.0,0,0,1,0,0,1
64,0,22.81608152843,93.5,144.33333333333334,85.0,0,0,0.0,1.0,0,0,1,0,0,0
64,0,20.15002728362764,90.09999847,123.66666666666669,70.0,0,0,0.0,2.0,0,0,0,0,0,0
38,0,33.12328198126967,108.1999969,162.66666666666666,108.66666666666669,0,1,3.0,2.0,1,0,1,0,0,0
55,0,43.18851659618095,109.3000031,130.0,82.33333333333333,0,1,2.0,2.0,0,0,1,0,0,0
42,1,20.28713161296239,79.19999695,128.66666666666666,78.0,0,0,1.0,1.0,0,0,0,0,0,0
28,0,26.09157286587167,84.5,137.33333333333334,87.33333333333333,0,1,0.0,3.0,0,0,1,0,0,0
38,0,32.10754225459191,99.09999847,150.0,109.66666666666669,0,1,2.0,1.0,1,0,0,0,0,0
28,0,22.901290073827056,81.19999695,114.66666666666669,86.0,0,0,0.0,1.0,0,0,0,0,0,0
31,0,19.247348487191136,77.0,123.66666666666669,84.33333333333333,0,1,0.0,0.0,1,0,0,0,0,0
31,0,26.058289090007108,89.40000153,98.33333333333331,62.333333333333336,0,0,3.0,1.0,0,0,1,0,0,0
33,0,27.397163851428544,94.0,122.0,84.0,0,1,3.0,6.0,0,1,1,0,0,0
42,0,22.20969816243383,93.0,115.33333333333331,75.33333333333333,0,0,1.0,2.0,1,1,1,0,0,0
36,0,21.192016562418647,101.0,127.0,86.0,0,0,1.0,3.0,0,1,1,0,0,0
49,0,31.338521112266484,105.0,150.66666666666666,100.66666666666669,0,0,3.0,4.0,0,0,1,1,0,0
56,1,15.64625850340136,84.0,137.0,87.66666666666667,0,0,4.0,2.0,0,1,1,0,0,0
42,0,21.09375,81.59999847,108.66666666666669,70.33333333333333,0,0,4.0,3.0,0,1,1,0,0,0
45,0,22.647268670976228,116.0,109.33333333333331,76.66666666666667,0,0,6.0,5.0,0,1,1,0,0,0
38,1,25.210005636639625,92.0,144.0,91.33333333333331,0,0,2.0,2.0,0,1,1,0,1,0
46,1,19.30784102696144,83.0,132.0,89.0,0,0,2.0,3.0,0,0,1,0,0,0
39,0,33.807250515006935,125.0,126.33333333333331,78.33333333333333,0,1,3.0,4.0,0,1,1,0,0,0
61,0,29.698787486031964,106.0,120.0,85.0,0,1,2.0,4.0,0,1,1,0,0,0
36,0,33.499404547144565,116.0,122.0,84.66666666666667,0,0,4.0,4.0,0,1,1,0,0,0
58,1,22.13256345217397,82.0,142.33333333333334,71.0,0,0,4.0,1.0,0,0,1,0,0,0
48,0,27.375489855464902,98.0,112.33333333333331,67.0,0,0,3.0,1.0,0,1,1,0,0,0
58,1,25.347199109893463,97.0,150.33333333333334,82.33333333333333,0,0,3.0,4.0,0,0,1,0,0,1
52,0,34.89372372431226,122.0,147.66666666666666,90.0,0,0,4.0,4.0,0,1,1,0,0,0
29,1,21.87527966476024,82.19999695,133.66666666666666,86.33333333333333,0,0,0.0,0.0,0,0,1,1,0,0
64,1,25.35500908587477,96.0,125.0,75.0,0,1,1.0,3.0,1,0,0,0,0,0
42,0,26.571987342473843,104.5,126.0,89.66666666666667,0,0,2.0,4.0,0,1,0,0,0,0
38,0,29.17629820913324,96.19999695,143.0,90.0,0,0,4.0,3.0,1,0,0,0,0,0
25,0,20.087987326603315,69.40000153,111.66666666666669,79.0,0,1,0.0,2.0,0,0,1,0,0,0
39,0,28.40550605101475,95.0,119.33333333333331,70.0,0,0,2.0,3.0,0,1,1,0,0,0
42,0,21.44627552905037,81.0,136.0,85.66666666666667,0,1,0.0,4.0,0,1,1,0,0,0
40,0,35.63534118781076,120.0,158.66666666666666,108.33333333333331,0,0,0.0,4.0,0,1,1,0,1,0
54,0,31.94776357512081,115.0,142.33333333333334,95.0,0,0,2.0,3.0,0,0,1,0,0,0
47,0,19.23926937610612,83.0,101.0,67.66666666666667,0,0,3.0,4.0,0,1,1,0,0,0
56,0,21.956528913323886,74.0,187.0,111.0,0,0,4.0,2.0,0,1,1,0,0,0
56,0,28.2538341516194,102.0,152.5,105.0,0,0,3.0,3.0,0,1,1,0,0,0
53,0,21.81230864257876,100.0,132.0,97.66666666666669,0,1,2.0,4.0,0,1,1,0,0,0
54,0,31.72583894344457,106.0,154.33333333333334,102.0,0,0,2.0,3.0,0,1,1,0,0,0
26,0,34.05507594048537,105.0,126.33333333333331,81.33333333333333,0,1,2.0,3.0,0,1,1,0,0,0
49,0,19.20257704503344,76.0,139.0,96.0,0,0,2.0,4.0,0,1,1,0,0,0
27,0,25.00280533213532,97.0,99.0,69.66666666666667,0,0,2.0,3.0,0,0,1,0,0,0
31,1,20.9139719919312,75.0,137.66666666666666,98.66666666666669,0,0,2.0,4.0,0,1,1,0,0,0
39,0,31.81344443558468,115.0,117.0,82.66666666666667,0,0,3.0,2.0,0,1,1,0,0,0
50,0,28.747244601342377,95.0,119.66666666666669,72.33333333333333,0,0,4.0,3.0,0,1,1,0,1,0
30,0,26.19461589168206,92.0,122.0,76.0,0,0,2.0,2.0,0,1,1,0,1,0
46,0,28.383546190345907,91.0,128.66666666666666,87.0,0,0,3.0,3.0,0,1,1,0,1,0
47,1,26.217019946835947,97.0,133.33333333333334,77.33333333333333,0,0,3.0,2.0,0,1,1,1,0,0
59,1,25.25779411169608,98.0,122.33333333333331,75.66666666666667,0,0,3.0,2.0,0,1,1,0,1,0
51,0,35.9568012305873,115.0,154.33333333333334,94.0,0,1,2.0,2.0,1,1,1,0,1,0
54,1,28.62559112983213,104.0,137.33333333333334,79.0,0,1,3.0,3.0,0,1,1,0,0,0
56,1,26.76897308794776,95.0,130.66666666666666,80.33333333333333,0,0,2.0,2.0,1,1,0,0,0,0
37,0,34.966307335448434,112.0,150.0,98.33333333333331,0,0,4.0,2.0,1,1,1,0,0,0
28,1,22.401628896718627,76.0,141.66666666666666,91.33333333333331,0,1,2.0,2.0,1,1,1,0,0,0
26,1,22.75341153851299,77.0,116.0,49.0,0,1,0.0,1.0,0,1,1,0,0,0
38,0,38.9845254106021,117.0,180.3333333333333,111.0,0,1,2.0,2.0,0,1,0,0,1,0
32,0,23.91281081123048,86.0,121.33333333333331,70.66666666666667,0,1,2.0,2.0,0,1,1,0,0,0
27,0,24.341758286340216,86.0,136.0,80.0,0,0,2.0,3.0,0,1,1,0,0,0
25,1,23.724835117931285,72.0,107.66666666666669,60.333333333333336,0,0,4.0,2.0,1,1,1,1,0,0
29,0,30.63720935300538,90.0,131.33333333333334,86.33333333333333,0,1,2.0,3.0,0,1,1,0,0,0
26,1,22.066939391290305,59.0,147.66666666666666,63.0,0,0,0.0,0.0,0,1,1,1,0,0
30,1,22.78377924328067,80.0,121.33333333333331,71.66666666666667,0,0,0.0,1.0,0,1,1,1,0,0
40,0,33.54994265239013,108.0,181.3333333333333,116.66666666666669,0,0,2.0,0.0,0,1,1,0,0,0
36,1,20.77725562387664,75.0,130.66666666666666,75.0,0,0,3.0,4.0,0,1,1,0,0,0
40,0,26.36091697297235,98.0,102.66666666666669,68.0,0,1,3.0,2.0,0,1,1,0,0,0
62,1,23.93659414105189,84.0,191.0,106.33333333333331,0,1,2.0,3.0,0,1,1,0,0,0
52,0,26.902459117412413,92.0,148.66666666666666,81.66666666666667,0,0,3.0,2.0,0,1,1,0,0,0
53,1,28.248263200920693,100.0,146.66666666666666,95.66666666666669,0,0,4.0,2.0,0,1,1,0,1,0
52,1,31.259562168396773,116.0,133.0,91.33333333333331,0,1,3.0,1.0,0,1,1,1,0,0
53,1,25.431757928469388,96.0,124.66666666666669,63.333333333333336,0,1,4.0,3.0,0,1,1,0,0,0
37,0,42.22178824839597,107.0,121.33333333333331,75.66666666666667,0,1,2.0,3.0,0,0,1,0,0,0
29,1,24.32083954692366,95.0,127.66666666666669,67.33333333333333,0,1,4.0,2.0,0,1,1,0,1,0
37,1,29.96320687422765,99.0,131.33333333333334,82.66666666666667,0,1,2.0,3.0,0,1,1,0,0,0
30,0,21.61540995070613,85.0,135.0,91.33333333333331,0,1,2.0,2.0,0,1,1,0,0,0
48,0,25.405789648992123,85.0,104.33333333333331,63.0,0,1,4.0,2.0,0,0,1,0,0,0
54,0,29.49137155692277,102.0,171.66666666666666,107.0,0,0,3.0,2.0,0,1,1,0,0,0
30,0,29.19970508479776,97.0,110.66666666666669,83.33333333333333,0,1,0.0,3.0,0,1,1,0,0,0
25,1,21.86019477142744,77.0,147.0,87.0,0,0,8.0,2.0,0,1,1,0,1,0
33,1,23.124060419561832,82.0,114.33333333333331,61.66666666666666,0,0,3.0,2.0,0,1,1,0,0,0
43,0,28.429752628099177,98.0,124.66666666666669,87.0,0,1,2.0,2.0,0,1,1,0,0,0
27,0,21.242253050748968,87.0,115.66666666666669,80.33333333333333,0,0,2.0,3.0,0,1,1,0,0,0
45,1,31.51968650766414,99.0,115.33333333333331,72.33333333333333,0,1,2.0,2.0,0,1,1,1,0,0
28,0,29.53466795813217,98.0,117.66666666666669,74.0,0,0,3.0,3.0,0,1,1,0,0,0
43,0,41.15030086894189,123.0,127.0,82.0,0,1,4.0,2.0,0,1,1,0,0,0
31,1,23.99602136774347,80.0,134.0,67.0,0,0,2.0,2.0,0,1,1,0,0,0
49,0,27.050746741068544,95.0,135.66666666666666,81.66666666666667,0,0,0.0,2.0,0,1,1,0,0,0
51,1,18.059331405812568,86.19999695,141.0,88.33333333333333,0,0,3.0,2.0,0,1,1,0,0,0
36,0,19.69678744283589,85.5,141.0,107.0,0,0,2.0,4.0,0,1,1,0,0,0
47,1,30.759569125541937,110.0,121.66666666666669,85.66666666666667,0,1,0.0,3.0,1,0,1,0,0,0
26,1,23.308272136038184,88.0,127.33333333333331,79.66666666666667,0,1,2.0,3.0,0,1,1,0,0,0
36,1,26.82039527772223,93.0,116.66666666666669,88.0,0,0,2.0,3.0,0,1,1,0,0,0
26,1,26.020720060279853,81.0,118.0,71.66666666666667,0,1,2.0,2.0,1,1,1,1,0,0
34,0,33.343309717133614,88.0,108.66666666666669,80.33333333333333,0,0,2.0,3.0,0,0,1,0,0,0
31,0,21.784276678393617,87.0,140.66666666666666,93.33333333333331,0,0,4.0,3.0,0,1,1,0,0,0
34,1,23.57581792985141,84.0,142.66666666666666,91.0,0,0,4.0,3.0,0,1,1,1,0,0
33,1,20.672218348453303,80.0,108.0,72.0,0,0,3.0,3.0,0,1,1,1,0,0
31,0,26.43928149038148,85.0,104.66666666666669,68.0,0,0,4.0,3.0,0,1,1,0,0,0
34,0,27.66806217739068,95.0,123.0,83.0,0,0,3.0,3.0,0,1,1,0,0,0
27,1,23.73824549291855,80.0,130.66666666666666,80.33333333333333,0,0,5.0,3.0,0,1,1,1,0,0
39,0,25.09425061544017,91.0,101.5,64.5,0,0,3.0,4.0,0,1,1,0,0,0
63,1,25.838004420994903,85.5,129.0,84.66666666666667,0,1,2.0,2.0,0,1,1,0,0,0
36,0,38.03051039737901,116.5,138.66666666666666,90.66666666666669,0,1,0.0,3.0,0,0,0,0,0,0
33,0,33.64757951875264,100.5,142.33333333333334,90.33333333333331,0,0,1.0,2.0,0,1,1,0,0,0
55,1,25.47202701333286,84.40000153,183.0,95.33333333333331,0,1,3.0,2.0,0,0,1,1,0,0
60,1,24.08670447317905,86.19999695,126.0,74.0,0,1,0.0,4.0,0,1,0,0,0,0
47,0,31.485831351584828,103.0999985,117.0,65.33333333333333,0,0,0.0,4.0,0,1,0,0,0,0
54,0,57.61821440040953,128.1999969,162.66666666666666,105.0,0,0,1.0,2.0,0,0,0,0,0,0
41,1,29.88376594168168,99.19999695,141.0,89.66666666666667,0,1,2.0,3.0,0,0,1,0,0,0
64,0,26.831497567320618,90.19999695,193.0,110.66666666666669,0,1,1.0,2.0,0,1,1,0,0,0
59,1,26.058289090007108,82.09999847,177.0,101.5,0,0,0.0,1.0,0,0,1,0,0,1
32,0,19.31321603746097,69.30000305,136.0,80.66666666666667,0,1,1.0,2.0,0,1,1,0,0,0
37,1,20.622224789434554,76.5,113.66666666666669,62.0,0,1,2.0,2.0,1,0,1,1,0,0
42,1,27.49174433314501,91.0,113.0,66.33333333333333,1,0,2.0,2.0,0,1,1,0,0,0
30,0,27.18963674462273,101.5,135.66666666666666,94.33333333333331,0,0,1.0,4.0,0,0,1,0,0,0
55,0,24.21471414144225,91.59999847,112.0,66.0,0,0,2.0,2.0,0,0,1,0,0,0
39,1,21.78108853303269,76.40000153,136.66666666666666,81.33333333333333,1,0,1.0,2.0,0,1,1,0,1,0
27,1,34.429971566637725,111.3000031,113.66666666666669,76.33333333333333,0,0,1.0,2.0,1,0,1,1,0,1
52,1,20.396619754440007,77.90000153,195.66666666666663,119.66666666666669,0,1,6.0,2.0,0,0,1,0,0,0
55,0,30.47936070152745,95.19999695,171.33333333333334,95.66666666666669,0,1,0.0,3.0,0,1,1,0,0,0
50,1,22.81062361011772,91.0,148.66666666666666,98.0,0,1,1.0,2.0,0,0,1,0,0,1
33,0,23.78121284185493,81.59999847,107.33333333333331,70.33333333333333,0,0,3.0,3.0,0,1,1,0,0,0
48,1,49.45790174855825,93.19999695,174.33333333333334,110.0,0,1,1.0,3.0,0,1,1,1,0,0
47,0,34.26249354068863,119.3000031,124.33333333333331,85.66666666666667,0,1,0.0,2.0,0,0,1,0,0,0
52,1,31.653598251202524,105.0,149.0,98.0,0,1,1.0,2.0,0,0,1,0,0,1
64,0,26.058289090007108,106.5,172.0,78.0,0,0,0.0,2.0,0,0,0,0,0,1
51,1,30.191163741861097,99.90000153,164.66666666666666,101.33333333333331,0,0,3.0,2.0,0,1,1,0,0,0
53,0,40.500124433789146,113.8000031,127.66666666666669,81.0,0,1,0.0,3.0,0,1,1,0,0,0
25,1,23.51760565895353,81.69999695,115.66666666666669,62.333333333333336,0,1,2.0,1.0,0,1,1,1,0,0
29,0,29.94730038950875,93.0,110.66666666666669,70.0,0,0,3.0,2.0,0,1,1,0,0,0
51,0,37.454254210416,108.9000015,127.0,88.0,0,1,2.0,2.0,0,0,1,0,0,0
26,1,20.47781303973983,77.40000153,125.66666666666669,70.33333333333333,0,0,3.0,2.0,0,0,1,0,0,0
59,0,24.462964374276314,81.69999695,170.66666666666666,92.66666666666669,0,0,1.0,1.0,0,0,1,0,0,0
52,1,28.573274318605144,90.40000153,123.5,81.0,1,1,2.0,2.0,0,1,0,0,0,0
55,0,30.368757781983824,103.0999985,202.3333333333333,105.33333333333331,0,1,1.0,2.0,0,0,1,0,0,0
29,0,29.034335386467948,97.90000153,110.33333333333331,62.66666666666666,0,1,1.0,2.0,0,1,1,0,0,0
51,0,28.19544346206704,89.90000153,124.33333333333331,76.0,0,0,1.0,2.0,0,1,1,0,1,0
29,1,18.845696179104127,67.59999847,135.33333333333334,81.33333333333333,0,1,1.0,2.0,0,1,1,1,0,0
61,0,21.378928056656864,81.19999695,126.0,75.33333333333333,0,0,2.0,2.0,0,1,1,0,0,0
34,1,19.253787230258883,72.09999847,113.33333333333331,61.66666666666666,0,0,1.0,2.0,0,0,1,1,0,0
34,0,25.429593058601142,83.90000153,115.0,69.33333333333333,0,1,2.0,3.0,0,1,1,0,0,0
32,1,22.12699082030024,74.30000305,118.0,72.0,0,1,1.0,3.0,0,1,1,0,0,0
34,1,21.02556788834637,72.09999847,139.0,90.0,0,1,2.0,3.0,0,1,1,0,0,0
43,0,33.38075999764661,109.4000015,143.66666666666666,92.33333333333331,0,1,2.0,2.0,0,1,1,0,1,0
25,1,19.81725345911949,66.40000153,126.66666666666669,70.66666666666667,0,1,0.0,2.0,0,1,1,0,0,0
30,0,34.26529587403979,109.3000031,117.0,77.33333333333333,0,1,2.0,2.0,0,0,1,0,0,0
51,0,41.69969799331118,102.0999985,124.33333333333331,92.0,0,0,1.0,2.0,0,1,1,0,1,0
52,1,21.953013115787265,78.5,125.33333333333331,74.66666666666667,0,1,1.0,1.0,0,1,1,0,1,0
31,1,19.21764160341615,74.40000153,116.33333333333331,57.333333333333336,0,0,2.0,3.0,0,1,1,0,1,0
27,1,24.909917733069044,80.19999695,142.33333333333334,77.0,0,1,1.0,2.0,0,1,1,0,1,0
55,0,30.64963578819592,101.1999969,170.33333333333334,114.66666666666669,0,0,1.0,3.0,0,0,1,0,0,0
30,0,28.735523932295205,76.59999847,109.66666666666669,65.33333333333333,0,0,2.0,2.0,0,0,0,0,0,0
29,0,21.0701646850852,78.5,105.66666666666669,72.0,0,0,2.0,2.0,0,0,1,0,0,0
48,0,38.33570530126234,112.8000031,133.33333333333334,83.33333333333333,0,0,0.0,2.0,0,1,1,0,0,0
54,1,22.963860896003624,89.40000153,127.66666666666669,73.33333333333333,0,0,1.0,2.0,0,1,1,0,0,0
53,1,26.52190635920794,97.5,112.0,68.66666666666667,0,1,1.0,2.0,0,1,1,0,1,0
62,1,24.04062039683689,95.19999695,158.33333333333334,71.33333333333333,1,1,1.0,1.0,0,0,1,0,0,0
26,1,24.365825359759626,77.19999695,139.33333333333334,81.33333333333333,0,0,2.0,3.0,0,1,1,0,1,0
54,0,39.04057093506788,106.1999969,146.33333333333334,100.33333333333331,0,1,2.0,3.0,0,1,1,0,0,0
49,0,45.30791614591567,125.0999985,134.0,86.66666666666667,0,1,2.0,3.0,0,0,1,0,0,0
39,0,34.10845477151833,115.0999985,148.5,81.0,0,1,2.0,2.0,0,1,1,0,0,0
48,1,30.371421460573053,96.90000153,148.66666666666666,95.66666666666669,0,1,2.0,3.0,0,1,1,0,1,0
41,1,27.11598030783822,92.09999847,124.0,74.33333333333333,0,1,1.0,1.0,0,0,1,0,0,0
46,1,28.091037012148863,92.80000305,129.66666666666666,91.33333333333331,0,0,1.0,2.0,0,0,0,0,0,0
31,0,30.782372166435337,92.59999847,124.66666666666669,70.33333333333333,0,1,1.0,2.0,0,1,1,0,0,0
35,1,27.440480509837613,98.09999847,142.0,74.66666666666667,0,1,2.0,3.0,0,1,1,0,0,0
40,1,23.324374489091248,75.5,125.0,61.333333333333336,0,0,1.0,2.0,1,0,1,0,1,0
28,0,17.479513027411056,71.5,104.33333333333331,74.0,0,0,2.0,2.0,0,1,1,0,0,0
41,0,35.641349703477545,104.0999985,134.66666666666666,77.33333333333333,0,0,1.0,2.0,0,0,1,0,1,0
45,0,32.79695668774443,97.09999847,132.0,75.66666666666667,0,1,1.0,2.0,0,0,0,0,0,0
60,1,20.27358821078147,82.5,148.66666666666666,82.33333333333333,0,0,1.0,2.0,0,0,1,0,0,0
51,0,36.88135006869749,109.3000031,147.33333333333334,86.0,0,0,2.0,3.0,0,0,1,0,0,0
57,1,26.38678046803248,93.09999847,135.66666666666666,81.33333333333333,0,1,2.0,3.0,0,1,1,0,0,0
59,1,24.77666938248932,89.30000305,169.33333333333334,82.33333333333333,0,1,1.0,2.0,0,0,1,0,0,0
38,0,33.89005815405759,101.1999969,134.0,84.33333333333333,0,0,1.0,2.0,0,1,1,0,0,0
42,1,29.441145141983707,90.19999695,143.66666666666666,83.0,0,0,2.0,3.0,0,1,1,0,0,0
39,1,21.42418297804542,78.59999847,110.33333333333331,69.66666666666667,0,1,2.0,3.0,0,0,1,0,0,0
34,0,31.334502428032373,81.09999847,131.66666666666666,87.66666666666667,0,1,2.0,3.0,0,1,1,0,0,0
27,0,22.26470161988693,77.19999695,122.66666666666669,69.0,0,0,1.0,3.0,0,1,1,0,0,0
59,0,26.058289090007108,95.19999695,123.66666666666669,67.33333333333333,0,0,1.0,3.0,0,1,1,0,0,0
38,0,36.383463498915226,111.6999969,110.33333333333331,71.33333333333333,0,0,1.0,3.0,0,1,1,0,0,0
64,0,43.27495375149142,111.5,152.66666666666666,79.66666666666667,0,1,1.0,2.0,0,0,1,0,0,0
45,0,27.04963609787882,97.19999695,145.0,95.66666666666669,0,1,1.0,2.0,0,0,1,0,0,0
58,0,31.44592596228648,101.4000015,168.0,91.33333333333331,0,1,1.0,2.0,0,0,1,0,0,0
46,1,22.98952996212965,79.30000305,143.33333333333334,82.66666666666667,0,1,2.0,3.0,0,1,1,0,1,0
46,1,20.500943145598832,72.09999847,133.66666666666666,83.0,0,0,2.0,3.0,0,1,1,0,1,0
62,1,26.734317387630405,94.80000305,195.0,120.0,1,1,0.0,2.0,0,0,1,0,0,0
32,1,24.21335394724744,88.59999847,143.66666666666666,82.0,0,1,0.0,3.0,0,0,1,0,1,0
59,1,24.11650522956628,85.69999695,168.66666666666666,83.0,0,1,1.0,2.0,0,0,1,0,0,0
50,0,22.59593674315496,79.09999847,113.33333333333331,82.33333333333333,0,1,0.0,3.0,0,0,1,0,0,0
36,0,31.403110038192967,101.1999969,114.66666666666669,78.0,0,1,0.0,2.0,0,0,1,0,0,0
29,0,31.156451832164013,93.19999695,115.66666666666669,79.0,0,0,1.0,2.0,0,0,1,0,0,0
38,1,27.1243677392297,90.80000305,130.33333333333334,87.66666666666667,0,0,1.0,3.0,0,0,1,0,0,0
35,1,29.51064338340057,95.69999695,157.66666666666666,101.0,0,1,2.0,3.0,0,0,1,0,0,0
61,1,41.00079218956736,126.4000015,177.66666666666666,99.66666666666669,0,1,0.0,3.0,0,0,0,0,0,0
36,1,21.598042092082107,77.40000153,117.33333333333331,70.33333333333333,0,1,1.0,2.0,0,1,1,0,0,0
35,1,21.04200130363884,69.80000305,126.0,84.33333333333333,0,1,1.0,2.0,0,1,1,0,1,0
61,0,46.47435835798816,134.6999969,165.0,95.33333333333331,0,0,1.0,3.0,0,0,1,0,0,0
34,1,45.7626940170108,131.1999969,125.33333333333331,89.33333333333333,0,0,0.0,2.0,0,0,1,0,0,0
40,0,39.136979584061365,115.3000031,136.33333333333334,101.66666666666669,0,1,1.0,3.0,0,1,1,0,0,1
37,0,43.35719355340093,125.3000031,146.33333333333334,99.33333333333331,0,1,2.0,2.0,0,0,1,0,0,0
42,0,33.61464607965919,102.5999985,106.66666666666669,76.0,0,1,1.0,2.0,0,1,1,0,0,0
41,1,22.66215470653648,79.80000305,113.66666666666669,70.66666666666667,0,0,7.0,3.0,0,0,1,0,1,0
59,1,29.12934189830884,95.09999847,149.33333333333334,88.0,0,0,1.0,3.0,0,0,1,0,0,0
52,0,21.460229781917977,79.5,108.0,67.66666666666667,0,1,1.0,2.0,0,0,1,0,0,0
59,0,28.48985237092584,95.5,123.66666666666669,83.33333333333333,0,0,0.0,2.0,0,0,1,0,0,0
32,1,20.762525098692382,72.19999695,118.66666666666669,76.33333333333333,0,1,3.0,2.0,0,1,1,0,0,0
34,1,22.441086508019165,76.5,112.66666666666669,73.0,0,1,1.0,3.0,0,1,1,0,0,0
41,1,25.67699026273929,89.40000153,131.33333333333334,85.66666666666667,0,0,0.0,2.0,0,1,1,0,0,0
62,0,29.68994140781065,78.5,151.66666666666666,84.0,0,0,1.0,3.0,0,0,0,0,0,1
54,1,24.359795975983253,83.59999847,138.0,80.66666666666667,0,1,1.0,2.0,0,0,1,0,0,0
47,1,24.18336035140325,84.19999695,134.66666666666666,94.0,0,1,2.0,3.0,0,1,1,1,0,0
57,1,22.90247910231604,83.09999847,174.66666666666666,108.33333333333331,0,1,0.0,2.0,0,0,1,0,0,0
29,0,40.42115215293371,118.5,123.33333333333331,75.33333333333333,0,1,1.0,2.0,0,0,1,0,0,0
53,1,29.851643423981745,107.0,144.0,99.33333333333331,0,1,1.0,2.0,0,0,1,0,1,0
40,1,27.040200285523227,92.59999847,143.66666666666666,89.66666666666667,0,1,0.0,3.0,0,1,1,1,0,0
48,1,22.66922421719799,81.80000305,121.33333333333331,73.66666666666667,0,0,0.0,2.0,1,0,1,1,0,0
40,0,35.72227947436239,115.3000031,127.0,79.66666666666667,0,0,1.0,3.0,0,1,1,0,0,0
41,1,27.353739423263622,92.30000305,166.0,91.33333333333331,0,0,2.0,3.0,0,1,1,1,0,1
40,0,30.485300426246564,102.5999985,130.66666666666666,89.0,0,1,1.0,3.0,0,0,1,0,0,0
38,0,26.491006602519672,98.19999695,124.0,89.66666666666667,0,0,1.0,3.0,0,1,1,0,0,0
26,0,32.8250482410092,103.4000015,118.0,69.33333333333333,0,0,1.0,2.0,0,1,1,0,0,0
60,1,24.74290276247395,87.40000153,199.3333333333333,123.0,1,1,3.0,2.0,0,0,1,0,0,0
42,0,22.714396117113683,83.80000305,122.66666666666669,76.0,0,1,1.0,3.0,0,0,1,0,0,0
49,1,27.6445123511863,91.19999695,109.66666666666669,76.0,0,1,1.0,1.0,0,1,1,0,0,0
42,0,27.61179526778493,104.3000031,130.0,98.0,0,1,4.0,2.0,0,1,1,1,0,0
41,0,39.246463090665046,116.5,133.0,89.33333333333333,0,0,2.0,1.0,0,1,1,1,0,0
39,0,18.920580011705184,67.19999695,123.33333333333331,79.0,0,1,2.0,1.0,0,1,1,1,0,0
38,0,23.226559707283734,83.59999847,130.66666666666666,87.33333333333333,0,0,2.0,1.0,0,1,1,0,1,0
36,0,23.61970609867324,76.30000305,107.0,76.33333333333333,0,0,2.0,1.0,0,1,1,1,0,0
52,1,27.13749459082552,75.5,141.0,83.66666666666667,0,1,2.0,1.0,1,0,1,1,0,0
48,0,20.22650557494028,80.5,123.66666666666669,81.0,0,0,2.0,1.0,0,1,1,0,1,0
40,0,32.40262844342375,108.5,140.66666666666666,96.66666666666669,0,0,2.0,1.0,0,1,1,0,1,0
37,1,23.37058337953048,79.19999695,121.0,65.66666666666667,0,0,2.0,1.0,1,0,1,1,0,0
50,0,32.601906593656395,96.5,129.33333333333334,85.33333333333333,0,1,2.0,1.0,0,1,1,0,1,0
40,0,26.22950819672132,91.09999847,115.0,71.33333333333333,0,1,1.0,1.0,0,1,1,0,1,0
30,0,19.295821546683825,73.19999695,124.0,70.33333333333333,0,1,2.0,1.0,0,1,1,0,1,0
33,0,27.10479197289651,89.5,116.33333333333331,81.66666666666667,0,1,1.0,4.0,0,1,1,0,1,0
29,0,26.058289090007108,97.5,115.66666666666669,71.33333333333333,0,0,3.0,1.0,0,1,1,0,1,0
38,0,43.22572732682261,128.1999969,127.66666666666669,90.66666666666669,0,0,3.0,1.0,0,1,1,0,1,0
42,0,32.79916880332986,89.5,106.66666666666669,73.33333333333333,0,0,2.0,1.0,0,1,1,0,1,0
26,0,21.899844976652,74.5,117.0,67.0,0,1,0.0,1.0,0,1,1,0,0,0
38,0,39.76433025213926,91.5,125.33333333333331,83.33333333333333,0,1,3.0,1.0,0,1,1,0,1,0
43,0,35.03839821957437,117.3000031,107.0,75.66666666666667,0,1,2.0,1.0,0,1,1,0,0,0
26,1,23.633626273589865,98.5,139.0,81.5,0,0,2.0,1.0,1,1,1,1,0,0
58,1,22.59887103003607,87.0,127.33333333333331,82.0,0,0,3.0,1.0,0,1,1,0,1,0
39,0,26.058289090007108,91.0,125.66666666666669,78.66666666666667,0,0,2.0,1.0,0,1,1,0,0,0
43,0,28.352528132306176,95.19999695,114.33333333333331,78.0,0,1,2.0,1.0,0,1,1,0,1,0
27,1,22.87197178892734,86.19999695,145.66666666666666,72.0,0,0,3.0,1.0,1,1,1,1,0,0
38,0,27.85027482399052,104.5999985,119.33333333333331,83.66666666666667,0,1,2.0,1.0,0,1,1,0,0,0
42,1,26.058289090007108,65.40000153,147.66666666666666,95.66666666666669,1,0,2.0,1.0,0,0,1,0,0,0
40,0,25.81191079459211,80.5,159.0,111.0,0,1,2.0,1.0,0,1,1,0,1,0
53,1,28.90151353628843,98.0,186.66666666666663,115.0,0,1,2.0,2.0,0,1,1,0,1,0
48,0,21.60182546570796,65.5,139.33333333333334,86.66666666666667,0,0,3.0,2.0,0,1,1,0,1,0
25,0,37.86418267584634,128.6999969,117.33333333333331,68.66666666666667,0,1,2.0,1.0,0,1,1,0,0,0
47,1,26.26750565398809,85.40000153,138.33333333333334,89.33333333333333,0,0,1.0,1.0,0,1,1,0,0,0
42,0,29.66460751053294,93.5,125.66666666666669,75.33333333333333,0,1,2.0,1.0,0,1,1,0,1,0
33,0,27.77777714907955,81.5,107.0,77.0,0,1,2.0,1.0,0,1,1,0,0,0
47,1,32.99536167134563,110.5,126.33333333333331,83.33333333333333,0,1,3.0,1.0,0,1,1,0,1,0
42,1,30.011304955233268,85.30000305,152.0,96.66666666666669,0,1,2.0,3.0,1,0,1,0,1,0
40,0,29.366016965242864,88.5,114.66666666666669,82.33333333333333,0,1,2.0,1.0,0,1,1,0,1,0
63,1,25.66861245858027,102.4000015,183.3333333333333,91.0,0,0,2.0,1.0,0,1,1,0,1,1
56,1,23.31833537014625,86.5,117.33333333333331,72.33333333333333,0,1,3.0,1.0,0,1,1,0,1,0
54,0,26.969010442932728,99.30000305,171.0,101.33333333333331,0,1,2.0,1.0,0,1,1,0,1,0
41,0,25.73439305346452,100.0999985,115.33333333333331,70.0,0,1,3.0,1.0,0,1,1,0,1,0
38,1,28.14541330665846,90.19999695,133.0,81.66666666666667,0,0,2.0,1.0,1,0,1,1,0,0
25,1,18.480473084970413,69.19999695,114.33333333333331,69.66666666666667,0,1,3.0,1.0,0,1,1,0,1,0
55,1,26.22082783929826,86.30000305,173.66666666666666,101.33333333333331,0,1,2.0,1.0,1,0,1,0,1,0
35,0,26.058289090007108,93.5,146.33333333333334,90.66666666666669,0,1,2.0,1.0,0,1,1,0,1,0
44,0,25.84757801499664,92.80000305,131.66666666666666,84.66666666666667,0,1,2.0,3.0,0,1,1,0,0,0
58,0,24.272167732361297,89.5,172.66666666666666,101.33333333333331,0,0,2.0,2.0,0,1,1,0,0,1
41,1,28.052070319537524,92.30000305,126.33333333333331,82.0,0,1,3.0,1.0,1,0,1,1,0,0
39,1,21.07295623783975,71.40000153,115.0,65.66666666666667,0,0,2.0,1.0,0,1,1,1,0,0
63,0,34.35923328041977,101.9000015,120.66666666666669,80.33333333333333,0,1,3.0,1.0,0,1,1,0,1,0
55,1,28.747921303674065,98.5,132.33333333333334,80.0,0,1,3.0,1.0,0,1,1,0,1,0
38,0,35.7051519992229,117.6999969,130.66666666666666,91.33333333333331,0,1,3.0,1.0,0,1,1,0,1,0
54,0,29.15802380709451,94.5,149.33333333333334,87.0,0,1,3.0,2.0,0,1,1,0,1,0
36,1,26.77130093877479,93.19999695,133.0,88.0,0,1,3.0,2.0,1,0,1,0,1,0
31,0,34.18000085275972,116.0,141.0,83.66666666666667,0,1,3.0,1.0,0,1,1,0,1,0
26,0,26.476941740753144,80.69999695,132.0,78.5,0,0,3.0,1.0,0,1,1,0,1,0
25,0,24.41146840332773,79.40000153,113.0,61.0,0,1,3.0,1.0,0,1,1,0,1,0
39,0,34.45966979904864,100.1999969,105.66666666666669,60.333333333333336,0,1,3.0,2.0,0,1,1,0,1,0
56,1,25.43037836239236,86.19999695,209.0,111.33333333333331,0,0,2.0,2.0,0,1,1,0,1,0
49,0,28.012945805847743,101.1999969,113.66666666666669,74.66666666666667,0,1,2.0,1.0,0,1,1,0,1,1
39,0,25.02351048815092,85.5,108.0,76.0,0,1,1.0,2.0,0,1,1,0,1,0
34,0,27.827035141360483,98.30000305,139.33333333333334,103.0,0,0,2.0,1.0,0,1,1,0,1,0
60,0,36.74029260271677,115.1999969,187.0,90.33333333333331,0,0,2.0,1.0,0,1,1,0,1,0
29,1,18.958169993686514,77.09999847,125.0,76.0,0,1,2.0,1.0,0,1,1,1,0,0
49,0,27.79683875872736,95.09999847,206.0,104.33333333333331,0,0,2.0,1.0,0,1,1,0,1,1
26,0,18.50616976119264,67.5,108.0,61.333333333333336,0,1,3.0,2.0,0,1,1,0,1,0
43,0,36.12932346578359,106.0999985,158.66666666666666,113.33333333333331,0,0,2.0,1.0,0,1,1,0,1,0
31,0,25.443556497399936,94.5,123.33333333333331,86.33333333333333,1,0,2.0,1.0,0,1,1,0,1,1
37,1,23.71597687942591,86.5,137.66666666666666,79.66666666666667,0,1,2.0,1.0,0,0,1,0,1,0
42,1,25.60157861095292,92.40000153,132.0,78.0,0,1,2.0,1.0,0,1,1,0,1,0
40,0,34.562194871877885,108.5,111.0,75.33333333333333,0,0,2.0,1.0,0,1,1,0,1,0
46,0,29.23065979146516,98.5,180.0,114.0,0,1,2.0,1.0,0,1,1,0,1,0
50,0,40.55029790348448,119.5,181.0,109.0,0,1,2.0,1.0,0,1,1,0,1,0
39,0,29.171282370031268,96.69999695,128.66666666666666,83.66666666666667,0,0,2.0,1.0,0,1,1,0,1,0
32,0,29.533380792798106,90.0,129.66666666666666,79.33333333333333,0,0,2.0,2.0,0,1,1,0,1,0
39,0,33.340541278066816,106.0999985,154.66666666666666,104.33333333333331,0,1,2.0,1.0,0,1,1,0,1,0
32,0,23.396505631211426,93.5,112.0,78.0,0,1,2.0,2.0,0,1,1,0,1,0
29,1,22.858582861819688,82.5,147.66666666666666,74.66666666666667,0,1,3.0,2.0,0,1,1,0,1,0
38,1,25.14600068759806,86.0,114.33333333333331,69.0,0,0,3.0,1.0,0,1,1,1,0,0
26,1,22.09244307142568,82.5,123.0,67.66666666666667,0,0,2.0,2.0,0,1,1,1,0,0
43,0,25.705115402486424,85.5,127.33333333333331,77.0,0,0,3.0,2.0,0,1,1,0,1,0
46,1,19.091021764219068,71.5,119.33333333333331,77.66666666666667,1,1,3.0,2.0,1,0,1,0,1,0
62,1,27.610975145111016,100.0,128.66666666666666,69.66666666666667,0,0,1.0,2.0,0,1,1,0,0,1
42,0,27.855988966305112,90.0,182.66666666666663,102.0,0,0,0.0,2.0,0,1,1,0,1,0
45,1,20.361459305534787,77.0,114.0,73.33333333333333,0,1,3.0,2.0,0,1,1,0,1,0
39,1,26.694155853250013,88.5,133.0,86.0,0,1,3.0,2.0,1,0,1,1,0,0
60,0,31.603396552085616,104.5,160.66666666666666,80.33333333333333,0,1,3.0,2.0,0,1,1,0,1,0
53,0,28.7038578218182,108.5,223.0,122.33333333333331,0,0,2.0,2.0,0,1,1,0,1,0
38,0,25.95046059063078,76.5,109.33333333333331,74.66666666666667,0,0,2.0,2.0,0,1,1,0,1,0
47,0,32.679048187907185,98.19999695,126.0,80.66666666666667,0,1,2.0,2.0,0,1,1,0,1,0
26,1,22.577963832890514,79.40000153,128.0,76.66666666666667,0,1,2.0,2.0,0,1,1,1,0,0
28,1,30.721925436936026,95.0,144.0,92.33333333333331,0,1,1.0,1.0,1,0,1,1,0,0
57,1,28.601707468152966,101.5,185.66666666666663,113.66666666666669,0,1,2.0,2.0,0,1,1,0,1,0
44,0,29.640137972950384,91.5,105.33333333333331,67.33333333333333,0,1,1.0,2.0,0,1,1,0,1,0
36,0,23.106763046044865,77.0,114.0,70.33333333333333,0,1,1.0,1.0,0,1,1,0,1,0
36,0,27.163739588779368,88.5,112.0,71.33333333333333,0,1,2.0,1.0,0,1,1,0,1,1
34,0,30.13838388992112,109.5,102.66666666666669,57.0,0,1,2.0,1.0,0,1,1,0,1,0
29,0,25.858682926162416,96.80000305,107.33333333333331,68.66666666666667,0,0,2.0,2.0,0,1,1,0,1,0
42,0,21.894897888575485,76.0,123.33333333333331,86.66666666666667,0,0,2.0,2.0,0,1,1,0,1,0
36,0,21.19089398373479,76.40000153,117.0,85.0,0,1,1.0,2.0,0,1,1,0,0,0
56,1,43.05564511355056,115.0,177.33333333333334,86.0,0,1,1.0,3.0,0,1,1,0,0,0
45,0,39.018817053144446,122.0999985,126.66666666666669,91.66666666666669,0,1,1.0,10.0,0,0,0,0,0,0
40,0,29.84578655571413,87.0,142.66666666666666,89.33333333333333,0,0,5.0,2.0,0,0,1,0,0,1
60,0,22.782495216380863,98.0,137.66666666666666,74.33333333333333,0,0,4.0,3.0,0,0,1,0,0,1
28,0,30.45075375921061,98.09999847,128.66666666666666,78.33333333333333,0,1,2.0,2.0,0,1,1,0,0,0
59,1,10.950411416222249,72.09999847,174.0,110.0,0,0,1.0,1.0,0,0,1,0,0,0
42,0,37.49226481051969,110.5,122.0,85.33333333333333,0,0,2.0,2.0,0,0,0,0,0,0
40,0,35.95540177848076,112.0,116.33333333333331,70.66666666666667,0,0,2.0,2.0,0,0,1,0,0,0
63,0,22.628297481457203,83.5,155.0,99.66666666666669,0,0,4.0,1.0,0,1,1,0,0,0
32,1,26.99956507838583,87.19999695,118.0,71.0,0,1,0.0,2.0,1,1,1,0,0,0
48,0,26.058289090007108,110.5,141.66666666666666,95.33333333333331,0,1,1.0,1.0,0,0,1,0,1,0
42,0,30.421505881301712,92.19999695,111.33333333333331,75.0,0,0,0.0,2.0,0,1,1,0,0,0
25,1,15.901405597459387,74.5,126.33333333333331,77.66666666666667,0,0,6.0,1.0,0,0,1,0,1,0
48,1,21.45661376516313,79.80000305,214.0,137.66666666666666,0,1,0.0,0.0,0,0,1,0,0,0
25,1,19.927092056248227,84.19999695,118.33333333333331,70.66666666666667,0,1,3.0,2.0,0,0,1,0,1,0
37,0,30.57572591980289,104.4000015,130.66666666666666,80.66666666666667,0,1,3.0,3.0,0,0,1,0,0,0
50,0,37.578246467703735,126.5,133.33333333333334,84.0,0,1,4.0,2.0,0,1,0,0,0,0
46,1,20.440815826938778,77.19999695,126.0,75.33333333333333,0,1,3.0,2.0,0,1,1,0,1,0
54,1,22.6434277874338,94.5,127.66666666666669,86.66666666666667,0,1,2.0,2.0,0,1,1,0,0,1
40,0,32.36593609759027,101.5,117.33333333333331,71.66666666666667,0,1,0.0,0.0,0,1,1,0,0,0
50,1,28.5455388153387,92.40000153,151.0,105.33333333333331,0,1,4.0,2.0,0,0,1,0,0,0
39,0,38.51652777969539,117.5,149.33333333333334,96.0,0,1,3.0,1.0,0,0,0,0,0,0
51,1,20.58823529411765,80.5,151.33333333333334,93.33333333333331,0,0,3.0,2.0,0,0,1,0,1,0
39,0,31.445752722223407,105.4000015,124.0,88.66666666666667,0,0,2.0,2.0,0,0,1,0,0,0
56,0,31.32377506259758,104.0,143.33333333333334,69.0,0,0,0.0,2.0,0,0,0,0,0,0
62,0,30.23617044652527,105.0,122.66666666666669,80.0,0,0,0.0,0.0,0,0,0,0,0,0
26,1,25.606801551929752,98.40000153,142.66666666666666,85.0,0,1,3.0,2.0,0,0,1,1,1,0
50,0,31.766150596659767,102.0,124.0,82.33333333333333,0,0,1.0,2.0,0,0,1,0,0,0
45,0,32.47235165113846,104.0,128.66666666666666,79.0,0,0,2.0,2.0,0,0,1,0,0,0
31,0,49.80679783365079,126.0999985,128.66666666666666,92.33333333333331,0,1,0.0,0.0,0,1,1,0,0,0
40,0,28.13134829588952,89.40000153,120.33333333333331,83.0,0,0,2.0,1.0,0,1,1,0,0,0
27,0,30.23373788612823,97.0,124.66666666666669,73.33333333333333,0,1,0.0,2.0,0,1,1,1,1,0
45,0,38.4818645712451,115.5,103.33333333333331,76.66666666666667,0,0,2.0,3.0,0,1,1,0,0,0
45,0,26.461770951779148,82.0,106.66666666666669,71.66666666666667,0,0,2.0,2.0,1,0,1,0,0,0
44,1,24.01700061521576,101.4000015,172.66666666666666,105.33333333333331,0,0,0.0,2.0,0,1,1,0,0,0
56,0,25.66452233807638,84.0,160.0,94.66666666666669,0,0,0.0,2.0,0,0,1,0,0,0
26,1,24.70624515170293,82.09999847,160.0,92.66666666666669,0,1,2.0,2.0,0,0,1,1,0,0
46,1,27.11136797040272,104.4000015,133.66666666666666,85.33333333333333,0,1,0.0,2.0,0,0,1,1,0,0
33,1,24.524366363784413,88.0,128.0,74.66666666666667,0,1,6.0,2.0,0,1,1,1,0,0
39,0,29.35416148560196,97.5,120.0,81.66666666666667,0,0,1.0,2.0,0,1,0,0,0,0
32,0,29.03908896880947,102.0,111.66666666666669,74.0,0,0,2.0,2.0,0,1,1,0,0,0
54,0,38.981267997737895,115.4000015,143.33333333333334,88.0,0,1,2.0,2.0,0,0,0,0,0,0
32,1,26.058289090007108,97.5,158.33333333333334,99.0,0,0,4.0,4.0,0,0,1,0,0,0
44,0,29.07618428228805,94.59999847,127.66666666666669,83.66666666666667,0,0,3.0,1.0,0,0,1,0,0,0
61,0,34.6526056808904,122.1999969,147.66666666666666,97.66666666666669,0,1,6.0,3.0,0,0,1,0,0,0
43,0,18.933680804445792,76.5,127.0,81.0,0,0,1.0,2.0,0,1,1,0,0,0
47,0,28.132749070005016,99.5,110.66666666666669,71.33333333333333,0,0,3.0,4.0,0,0,1,0,0,0
48,1,29.683537505844217,94.0,169.33333333333334,120.33333333333331,0,1,0.0,2.0,0,0,1,0,0,0
48,0,32.57234395588416,100.5,150.66666666666666,102.33333333333331,0,1,0.0,3.0,0,1,0,0,0,0
49,0,25.0107675793731,90.19999695,126.66666666666669,86.66666666666667,0,1,0.0,2.0,0,1,0,0,0,0
48,0,31.72568478191511,100.5,128.0,82.0,0,1,3.0,1.0,0,1,1,0,0,0
41,0,26.92041628027681,99.69999695,118.66666666666669,80.66666666666667,0,0,5.0,2.0,0,1,1,0,0,0
60,0,25.92490175091887,94.0,158.33333333333334,98.66666666666669,0,1,1.0,2.0,0,1,0,0,0,0
35,0,22.006919709548125,81.69999695,119.0,79.0,0,1,1.0,3.0,0,0,1,0,0,0
28,1,18.748023482635585,77.0,125.66666666666669,81.33333333333333,0,0,3.0,2.0,1,0,1,1,0,0
46,0,41.42069202965422,119.0,173.0,104.66666666666669,0,0,3.0,2.0,0,0,1,0,0,0
63,1,28.811690301282937,110.0,183.66666666666663,90.0,0,1,0.0,3.0,1,0,0,0,1,0
45,1,27.179039757176145,94.5,141.66666666666666,92.33333333333331,0,0,2.0,4.0,0,1,1,0,0,0
37,1,19.694573481889567,74.0,113.66666666666669,76.0,0,0,4.0,4.0,0,0,1,0,1,0
35,0,27.30726459295537,94.0,217.66666666666663,137.33333333333334,0,0,3.0,2.0,0,0,1,0,0,0
49,1,20.626674450843765,79.0,154.66666666666666,102.0,1,1,3.0,4.0,0,0,1,0,0,0
49,0,26.57739263851479,101.5,165.33333333333334,94.33333333333331,0,0,2.0,4.0,0,0,1,0,1,1
58,0,41.30119765771487,120.0,127.0,89.33333333333333,0,0,3.0,2.0,0,0,1,0,0,0
38,0,36.46525904661232,120.0,131.33333333333334,90.0,0,1,2.0,4.0,0,1,1,0,1,0
35,0,24.295922508037417,90.80000305,119.33333333333331,78.0,0,0,3.0,5.0,0,0,1,0,0,0
45,1,27.124747093499387,92.40000153,139.66666666666666,94.66666666666669,0,1,2.0,2.0,0,0,1,0,0,0
38,0,23.34262946320201,87.0,182.3333333333333,112.66666666666669,0,1,0.0,2.0,0,0,0,0,0,0
35,0,23.42355740630577,85.0,116.0,73.66666666666667,0,1,2.0,2.0,0,0,1,0,0,0
42,0,20.890557788197743,87.0,153.0,103.66666666666669,0,1,2.0,3.0,0,0,1,0,0,0
41,0,21.47611605701507,77.5,111.0,70.33333333333333,0,0,3.0,4.0,0,1,1,0,0,0
48,0,23.411051445518144,89.0,151.33333333333334,102.66666666666669,0,1,2.0,4.0,0,1,1,0,1,1
35,1,16.58578490416915,74.0,113.0,83.66666666666667,0,1,0.0,3.0,0,1,1,0,0,0
26,0,26.863991366094027,89.40000153,124.66666666666669,80.0,0,0,2.0,2.0,0,1,1,0,0,0
44,1,20.522194572356074,77.0,140.33333333333334,93.0,1,0,0.0,0.0,0,0,1,0,0,0
34,0,37.64113087686312,120.0,120.0,85.33333333333333,0,0,1.0,3.0,0,1,1,0,0,0
44,1,19.928236883448537,76.5,108.33333333333331,67.0,0,1,4.0,2.0,0,0,1,0,0,0
43,1,27.929743437049723,97.0,142.0,92.66666666666669,0,1,2.0,3.0,0,0,1,0,1,0
33,0,25.49154150663008,89.19999695,116.33333333333331,76.0,0,0,1.0,2.0,0,1,1,0,0,0
49,0,31.009365244536937,97.19999695,131.66666666666666,75.33333333333333,0,1,8.0,5.0,0,1,1,0,0,0
53,0,19.134641225477026,69.0,124.0,98.0,0,0,2.0,1.0,0,1,1,0,0,0
50,0,20.26595994959404,79.0,136.33333333333334,78.66666666666667,0,0,3.0,3.0,0,1,1,0,0,0
46,0,21.41177590644165,76.0,131.66666666666666,80.66666666666667,0,0,2.0,3.0,0,0,0,0,0,0
38,0,26.97161341465856,84.0,153.33333333333334,97.0,0,1,1.0,2.0,0,1,1,0,0,0
38,0,30.06382643197301,97.0,112.33333333333331,80.66666666666667,0,1,2.0,1.0,0,0,1,0,1,0
49,1,21.01779803187577,76.0,133.66666666666666,90.33333333333331,0,0,4.0,3.0,0,0,1,0,0,0
39,0,29.4866650484398,84.0,150.66666666666666,91.33333333333331,0,1,4.0,3.0,1,0,1,0,0,0
52,1,22.31204638766844,98.0,121.66666666666669,73.66666666666667,0,1,1.0,2.0,0,0,1,0,0,0
27,1,26.6134993578994,87.0,140.33333333333334,76.0,0,1,4.0,3.0,1,0,1,1,1,0
29,0,20.64112635208474,76.5,106.0,77.66666666666667,0,0,1.0,3.0,0,0,1,0,0,0
44,0,34.81902632855207,101.8000031,138.33333333333334,89.0,0,1,2.0,3.0,0,1,1,1,0,0
64,1,28.14686310699438,97.0,121.66666666666669,74.66666666666667,0,1,1.0,1.0,1,0,1,0,1,0
58,0,39.79398893311853,130.0,172.66666666666666,101.66666666666669,0,1,1.0,4.0,0,1,1,0,0,0
38,0,23.39690726447348,89.0,106.0,72.66666666666667,0,0,3.0,3.0,0,1,0,0,0,0
26,0,28.416019766355493,96.40000153,132.0,78.66666666666667,0,1,4.0,2.0,0,1,1,0,0,0
36,0,24.15251119840466,86.5,141.0,95.66666666666669,0,1,2.0,2.0,0,0,1,0,1,0
37,0,24.14703387470728,90.19999695,140.33333333333334,93.33333333333331,0,1,3.0,3.0,0,1,1,0,1,0
47,0,41.71715796397076,123.1999969,140.66666666666666,92.0,0,0,4.0,2.0,0,1,1,0,0,0
55,0,25.519214442839505,91.19999695,215.0,111.0,0,0,1.0,2.0,1,0,1,0,0,0
45,0,22.20890124900502,92.19999695,134.66666666666666,86.66666666666667,0,1,3.0,1.0,0,1,1,0,0,0
25,0,27.8480077074658,97.19999695,135.66666666666666,86.0,0,1,0.0,1.0,0,0,1,0,0,0
45,0,30.145131984272243,99.19999695,133.66666666666666,89.33333333333333,0,1,0.0,0.0,0,1,1,0,0,0
56,0,29.868534093107584,110.4000015,133.66666666666666,76.66666666666667,0,0,0.0,2.0,0,1,1,0,0,0
38,1,26.15933311864183,95.0,135.66666666666666,84.0,0,0,3.0,2.0,0,1,0,0,0,0
25,0,26.058289090007108,72.40000153,106.33333333333331,59.0,0,0,1.0,2.0,0,1,1,0,0,0
53,0,23.927268986717465,91.0,127.66666666666669,85.33333333333333,0,1,0.0,0.0,0,1,1,0,0,0
63,0,33.35055607138864,111.6999969,165.0,94.0,0,0,3.0,2.0,0,1,1,0,0,0
50,0,31.149533747504112,94.5,115.66666666666669,78.33333333333333,0,0,4.0,2.0,0,1,1,0,0,0
57,0,29.619278947215182,104.5999985,156.33333333333334,88.0,0,1,2.0,2.0,0,1,1,0,0,0
40,0,28.682090329108263,99.19999695,145.66666666666666,105.33333333333331,0,1,2.0,2.0,0,1,1,0,0,0
28,0,31.8739111061452,94.5,106.66666666666669,78.66666666666667,0,0,2.0,2.0,0,1,1,0,0,0
57,0,29.787424256757163,101.1999969,154.66666666666666,95.33333333333331,0,0,2.0,2.0,0,0,1,0,0,1
55,1,25.20400933827306,97.19999695,174.33333333333334,95.66666666666669,0,0,0.0,2.0,0,1,0,0,1,1
38,0,28.365083743875303,95.19999695,137.66666666666666,90.66666666666669,0,0,4.0,2.0,0,1,1,0,0,0
34,0,18.99417578820968,79.59999847,132.66666666666666,87.66666666666667,0,1,1.0,2.0,0,1,1,0,0,0
64,0,39.676571130877626,126.8000031,169.66666666666666,112.66666666666669,0,0,1.0,4.0,0,1,1,0,0,1
27,0,21.14759062509213,82.5,121.66666666666669,76.0,0,1,2.0,3.0,0,1,1,0,0,0
54,0,31.780904931490262,109.3000031,133.0,81.0,0,0,2.0,2.0,0,1,1,0,0,0
45,0,30.968619636292257,108.1999969,150.66666666666666,104.66666666666669,0,0,1.0,3.0,0,1,1,0,0,0
40,1,29.291402277828787,94.80000305,146.0,89.33333333333333,0,1,3.0,3.0,0,1,1,0,1,0
54,1,23.01996263235023,82.5,169.33333333333334,89.66666666666667,0,1,6.0,3.0,0,1,1,0,0,0
34,0,26.425529530431906,100.1999969,116.66666666666669,76.66666666666667,0,1,2.0,2.0,0,1,1,0,0,0
26,0,32.80118474388903,107.5,128.66666666666666,91.33333333333331,0,0,4.0,2.0,0,1,1,0,0,0
64,0,33.35748938950076,109.1999969,195.3333333333333,91.33333333333331,0,1,3.0,2.0,0,1,1,0,0,0
34,0,35.84874861959904,107.8000031,140.33333333333334,92.33333333333331,0,1,2.0,3.0,0,1,1,0,0,0
37,0,28.89923495046196,102.5,136.33333333333334,93.66666666666669,0,0,0.0,3.0,0,1,1,0,0,0
44,0,20.48220018616395,79.5,143.0,89.66666666666667,0,0,3.0,3.0,0,1,1,0,1,0
25,1,18.441408508047825,86.0,119.0,61.0,0,0,2.0,2.0,0,1,1,0,1,0
30,1,21.15236585367772,82.59999847,128.0,93.66666666666669,0,1,1.0,3.0,0,1,1,0,0,0
46,1,26.65916485169248,101.1999969,137.33333333333334,81.0,0,1,2.0,3.0,1,0,1,0,0,0
26,0,21.43382526016605,92.19999695,116.66666666666669,72.33333333333333,0,0,2.0,2.0,0,1,1,0,1,0
34,1,20.323365004704087,85.5,135.66666666666666,89.0,0,1,0.0,2.0,0,1,1,1,1,0
36,0,22.96572414647945,88.19999695,129.0,84.0,0,0,2.0,2.0,0,1,1,0,0,0
37,0,29.9150117704076,105.1999969,121.0,82.33333333333333,0,1,2.0,2.0,0,1,1,0,0,0
41,0,22.726587433193544,93.59999847,117.0,87.66666666666667,0,0,2.0,2.0,0,1,1,0,0,0
34,0,29.91937705357232,95.19999695,137.0,84.0,0,0,2.0,3.0,0,1,1,0,0,0
64,0,27.612059399767293,95.19999695,157.33333333333334,99.33333333333331,0,0,2.0,3.0,0,1,1,0,0,1
52,1,21.991535133882824,85.19999695,127.0,75.0,0,0,1.0,1.0,0,1,1,0,0,0
25,0,22.003534729575783,82.0,118.0,68.66666666666667,0,0,2.0,5.0,0,1,1,0,0,0
26,0,26.058289090007108,91.0,120.33333333333331,74.0,0,1,2.0,4.0,0,1,1,0,0,0
31,0,25.38124469706409,85.69999695,122.66666666666669,76.0,0,0,3.0,3.0,0,1,1,0,0,0
50,0,27.50774564012493,95.19999695,137.0,94.66666666666669,0,1,2.0,4.0,0,1,1,0,0,0
43,0,37.3315501727258,111.1999969,152.66666666666666,95.66666666666669,0,1,0.0,2.0,0,1,1,0,0,0
39,0,40.36973603865411,116.1999969,112.0,76.0,0,1,3.0,2.0,0,1,1,0,0,0
60,0,19.59824454557751,84.5,125.0,85.0,0,0,2.0,2.0,0,1,1,0,0,0
25,0,28.986517748648744,94.19999695,110.66666666666669,75.0,0,1,3.0,2.0,0,1,1,0,0,0
62,1,19.06191035252205,83.0,98.33333333333331,61.333333333333336,1,1,2.0,4.0,0,1,1,0,1,0
50,0,25.74027549899152,97.19999695,118.66666666666669,76.33333333333333,0,1,1.0,2.0,0,1,1,0,0,0
28,0,30.11415935067396,89.19999695,120.66666666666669,77.66666666666667,0,0,2.0,2.0,0,1,1,0,0,0
62,0,25.203018061547844,101.0,117.33333333333331,77.33333333333333,0,0,3.0,3.0,0,1,1,0,0,1
26,0,25.16931145142588,95.0,118.0,76.33333333333333,0,1,2.0,4.0,0,1,1,0,0,0
32,1,19.965210067956104,84.0,156.0,109.66666666666669,0,1,2.0,2.0,0,1,1,1,0,0
30,0,23.422514696934734,84.19999695,111.33333333333331,78.66666666666667,0,0,0.0,0.0,0,1,1,0,0,0
40,0,28.16914349738906,98.19999695,121.66666666666669,85.33333333333333,0,0,2.0,4.0,0,1,1,0,0,0
45,1,20.596849820060296,94.30000305,171.0,102.0,0,1,3.0,2.0,0,1,1,0,0,0
29,1,23.314620857752043,84.19999695,166.0,110.33333333333331,0,0,2.0,2.0,0,1,1,0,1,0
41,0,37.495823228775336,108.1999969,135.0,91.0,0,0,3.0,2.0,0,1,1,0,0,0
29,0,23.357997219738667,83.19999695,124.33333333333331,84.33333333333333,0,0,2.0,2.0,0,1,1,0,0,0
27,0,26.058289090007108,91.0,108.66666666666669,74.0,0,1,1.0,3.0,0,1,1,0,0,0
40,0,17.891765087610132,82.30000305,131.0,84.33333333333333,0,0,3.0,3.0,0,1,1,0,0,0
25,0,20.86134810380725,87.19999695,109.0,67.0,0,0,4.0,4.0,0,1,1,0,0,0
37,0,23.09835991467332,92.80000305,110.33333333333331,75.0,0,0,1.0,4.0,0,1,1,0,0,0
26,0,20.774818049447337,81.30000305,137.33333333333334,82.0,0,0,2.0,2.0,0,1,1,0,0,0
52,0,27.83994574503115,88.0,102.33333333333331,69.66666666666667,0,0,2.0,2.0,0,1,1,0,0,0
28,1,20.55164928339644,83.0,123.0,83.66666666666667,0,1,2.0,3.0,0,1,1,0,0,0
51,0,23.334576173300988,92.09999847,119.33333333333331,71.0,0,0,3.0,2.0,0,1,1,0,0,0
46,0,22.158511679901142,108.1999969,127.66666666666669,81.66666666666667,0,0,2.0,2.0,0,1,1,0,0,0
59,0,22.72189349112426,95.19999695,126.0,74.66666666666667,0,0,2.0,2.0,0,1,1,0,0,0
54,1,26.131713883566466,91.19999695,126.33333333333331,91.0,1,1,2.0,3.0,0,1,1,0,0,0
59,1,24.789696001134534,101.1999969,200.66666666666663,121.33333333333331,0,0,2.0,2.0,0,1,1,0,1,1
38,1,20.52902424324737,81.30000305,136.66666666666666,80.0,0,0,2.0,2.0,0,1,1,0,1,0
45,0,42.27031549578415,129.1999969,122.0,80.33333333333333,0,0,2.0,3.0,0,1,1,0,0,0
36,0,26.058289090007108,141.3000031,167.0,118.33333333333331,0,1,20.0,3.0,0,1,1,0,0,0
44,0,39.55573724785547,82.69999695,132.0,87.0,0,0,2.0,3.0,0,1,1,0,0,0
48,0,37.44051044765022,160.5,124.0,92.33333333333331,0,1,2.0,2.0,0,1,1,0,0,0
64,1,29.655898554690435,103.0999985,228.0,115.0,0,1,2.0,3.0,0,1,1,0,0,0
62,1,23.61952428872457,89.19999695,122.66666666666669,80.66666666666667,0,0,2.0,2.0,0,1,1,0,0,0
36,0,23.96641281714549,89.30000305,119.66666666666669,81.0,0,0,0.0,0.0,0,1,1,0,0,0
45,0,53.28751314779612,92.09999847,156.66666666666666,79.33333333333333,0,0,1.0,2.0,0,1,1,0,0,0
36,1,26.39879281371533,92.19999695,123.66666666666669,73.66666666666667,0,0,10.0,3.0,1,1,1,1,1,0
33,0,27.51562723013449,93.0,103.33333333333331,74.33333333333333,0,1,2.0,3.0,0,1,1,0,0,0
51,0,39.21951972600375,120.0,133.66666666666666,89.66666666666667,0,1,3.0,2.0,0,0,1,1,0,0
36,1,41.26968208118794,128.0,136.66666666666666,92.66666666666669,0,1,2.0,2.0,1,1,1,0,0,0
54,1,32.87106866900536,107.3000031,164.0,102.0,0,1,4.0,2.0,0,1,0,0,1,0
51,0,28.416383707146853,98.19999695,147.66666666666666,92.66666666666669,0,1,4.0,2.0,0,1,1,0,1,0
39,1,18.031643200049263,77.40000153,117.66666666666669,79.0,1,1,0.0,0.0,0,1,1,0,1,0
39,1,28.53722093276017,96.80000305,130.0,84.0,0,1,5.0,3.0,1,0,1,0,1,0
42,0,39.28338328847461,121.4000015,129.0,89.33333333333333,0,1,8.0,4.0,0,0,0,0,1,0
59,1,32.335090887019675,106.3000031,145.66666666666666,88.66666666666667,0,0,8.0,6.0,0,1,1,0,1,0
32,0,27.4112146307146,91.30000305,124.33333333333331,77.0,0,1,4.0,4.0,0,1,1,0,1,0
37,1,27.316275459869523,90.80000305,118.0,72.0,0,1,6.0,4.0,0,1,0,0,0,0
30,1,30.83306744287383,95.5,139.66666666666666,90.33333333333331,1,1,8.0,6.0,0,1,1,1,1,0
42,0,35.705919178796805,105.5999985,150.33333333333334,102.0,0,1,7.0,4.0,0,1,1,0,0,0
55,0,46.15783388366319,121.5999985,129.66666666666666,96.66666666666669,0,0,4.0,4.0,0,1,1,0,0,0
31,0,32.2636037781886,105.0999985,152.33333333333334,99.33333333333331,0,0,5.0,4.0,0,0,1,0,0,0
56,0,17.970146022194864,73.40000153,186.66666666666663,98.66666666666669,0,0,4.0,4.0,0,1,1,0,1,0
25,0,30.92426432792927,101.5,115.66666666666669,70.66666666666667,0,0,4.0,4.0,0,1,1,0,0,0
37,1,21.335325116238256,76.0,125.33333333333331,72.66666666666667,0,0,0.0,0.0,0,1,1,0,0,0
40,1,20.581017547769683,82.40000153,119.33333333333331,80.66666666666667,0,1,4.0,4.0,0,1,1,1,0,0
37,1,20.50535821333007,76.80000305,117.33333333333331,64.33333333333333,0,1,6.0,4.0,1,1,1,1,0,0
41,1,25.160703613677693,82.59999847,158.33333333333334,86.66666666666667,0,0,6.0,4.0,1,1,1,0,1,0
42,1,19.266581940608965,79.69999695,97.33333333333331,60.333333333333336,0,1,8.0,6.0,0,1,1,0,1,0
56,0,39.565597973206906,112.5999985,127.0,74.0,0,1,4.0,4.0,0,1,1,0,0,0
51,0,19.09087343659377,71.59999847,130.66666666666666,70.33333333333333,0,0,8.0,6.0,0,1,1,0,1,0
48,0,35.86887088336031,115.6999969,136.33333333333334,90.66666666666669,0,1,8.0,6.0,0,0,0,0,0,0
37,0,29.570678144294305,84.09999847,107.33333333333331,72.33333333333333,0,1,6.0,6.0,0,1,1,0,0,0
38,0,30.524464826069103,101.4000015,162.66666666666666,112.0,0,1,8.0,4.0,0,0,1,0,0,0
35,0,25.616497679280048,90.59999847,115.33333333333331,75.66666666666667,0,1,6.0,6.0,0,1,1,0,1,1
33,0,30.299433752620544,94.59999847,115.66666666666669,78.33333333333333,0,0,6.0,6.0,1,1,1,0,0,0
30,1,26.058289090007108,85.09999847,136.0,91.0,0,1,6.0,4.0,1,0,1,1,0,0
60,1,19.535426740572493,76.5,131.33333333333334,69.0,0,1,6.0,6.0,0,0,1,0,1,0
35,0,31.529452997858563,99.40000153,121.0,78.0,0,0,6.0,6.0,0,1,1,0,0,0
33,0,31.61505794609044,108.9000015,121.0,81.0,0,0,8.0,8.0,0,1,1,0,1,0
38,0,32.22661010953211,103.6999969,123.0,77.33333333333333,0,0,8.0,8.0,0,1,1,0,0,0
30,1,22.68702647265194,75.5,154.0,79.33333333333333,0,0,6.0,4.0,1,0,1,1,0,0
60,1,27.29833776800185,100.1999969,151.66666666666666,82.0,0,1,6.0,4.0,0,1,1,0,0,0
34,1,22.49306330757036,86.80000305,146.0,95.0,0,1,6.0,4.0,0,1,1,0,0,0
25,1,18.97953231238206,71.59999847,133.0,78.66666666666667,0,0,8.0,6.0,0,0,1,0,1,0
64,1,27.0822520910097,98.59999847,108.66666666666669,69.66666666666667,0,0,6.0,6.0,0,0,1,1,0,0
26,1,27.01679032634768,86.5,127.66666666666669,71.0,0,1,6.0,4.0,1,1,1,1,1,0
39,1,25.21953889203709,98.30000305,142.33333333333334,85.0,0,1,6.0,4.0,1,1,1,0,0,0
41,0,44.43812864110983,144.6999969,121.0,96.0,0,0,6.0,6.0,0,1,1,0,0,1
40,0,26.08786597378387,85.5,123.33333333333331,88.0,0,0,6.0,6.0,0,1,1,0,0,0
26,1,23.66524436157625,76.30000305,106.5,60.0,0,1,6.0,4.0,0,1,1,0,0,0
64,0,40.0882843115175,111.5999985,161.0,80.0,0,0,4.0,6.0,0,1,1,0,1,1
39,0,34.61494765197976,102.9000015,129.0,86.0,0,1,8.0,6.0,0,1,1,0,0,0
29,1,24.740484429065745,85.30000305,133.0,92.66666666666669,0,1,6.0,5.0,0,1,1,0,0,0
28,1,25.705074980922028,90.90000153,119.0,77.33333333333333,0,1,3.0,4.0,0,1,1,0,0,0
50,0,31.041488852433933,105.5999985,161.0,110.33333333333331,0,1,8.0,6.0,0,1,0,0,1,0
29,0,22.93187511154875,91.0,101.66666666666669,48.0,0,1,6.0,6.0,0,0,0,0,0,0
29,1,26.01924080141104,91.69999695,134.33333333333334,90.66666666666669,0,1,8.0,4.0,0,1,1,0,1,0
25,1,21.81714850650329,73.30000305,117.0,77.0,0,1,6.0,4.0,0,1,1,0,1,0
44,0,23.28927135699689,83.59999847,188.0,106.33333333333331,0,0,6.0,4.0,0,1,0,0,1,0
46,0,30.244778952539622,93.09999847,137.33333333333334,87.0,0,1,6.0,6.0,0,1,1,0,0,0
46,0,34.24704468688842,102.3000031,129.33333333333334,90.33333333333331,0,0,5.0,4.0,0,1,1,0,0,0
39,0,25.069808686614447,79.5,116.5,67.0,0,1,4.0,4.0,0,1,1,0,0,0
36,0,25.95814148100145,89.59999847,129.0,82.0,0,1,6.0,6.0,0,1,1,0,0,0
49,1,22.97577907612457,84.69999695,121.66666666666669,84.66666666666667,0,1,6.0,4.0,0,1,1,0,1,0
61,0,24.922117196067585,89.59999847,157.33333333333334,86.33333333333333,0,1,6.0,4.0,0,0,1,0,1,0
39,0,39.24621416677493,110.5,116.66666666666669,88.0,0,1,6.0,4.0,0,1,1,0,0,0
64,0,24.74745425777921,95.30000305,147.66666666666666,76.0,0,0,6.0,4.0,0,1,1,0,0,0
59,0,28.792345478234864,99.0,130.33333333333334,71.0,0,0,4.0,4.0,0,1,1,1,1,1
29,0,26.010702919662748,94.59999847,117.33333333333331,78.0,0,1,4.0,4.0,0,1,1,0,0,0
39,0,20.534311129311806,72.5,115.66666666666669,74.66666666666667,0,1,4.0,4.0,0,1,1,0,0,0
40,0,32.33396768631587,102.3000031,156.66666666666666,106.66666666666669,0,1,4.0,4.0,0,1,1,0,0,1
46,0,29.620190828178867,98.69999695,164.33333333333334,98.66666666666669,0,1,4.0,4.0,0,1,1,0,1,0
43,0,23.955694951643537,79.19999695,202.66666666666663,108.66666666666669,0,0,4.0,4.0,0,1,1,0,1,0
40,0,21.703520924874063,80.59999847,100.33333333333331,65.0,0,0,6.0,4.0,0,1,1,0,0,0
45,1,24.21353422981871,98.09999847,139.66666666666666,87.33333333333333,1,0,0.0,4.0,0,0,1,0,0,1
44,0,33.36450775283518,102.0999985,140.0,101.33333333333331,0,1,5.0,6.0,0,1,1,0,0,0
48,0,35.611656815985185,100.0999985,112.0,70.33333333333333,0,0,6.0,4.0,0,1,1,0,1,0
27,0,21.47678442142108,89.0,107.33333333333331,65.66666666666667,0,0,4.0,4.0,0,1,1,0,0,0
29,0,22.159273993330704,77.80000305,144.66666666666666,82.33333333333333,0,1,4.0,4.0,0,1,1,0,0,0
38,0,24.67451176179498,79.80000305,133.33333333333334,88.0,0,0,6.0,4.0,0,1,1,0,1,0
36,0,28.621395212607595,100.3000031,125.0,86.33333333333333,0,0,3.0,4.0,0,1,1,0,1,0
25,1,23.8803022360946,80.5,129.33333333333334,79.33333333333333,0,0,4.0,4.0,0,0,1,0,1,0
25,1,21.0615490636082,73.90000153,128.33333333333334,74.0,0,0,4.0,4.0,0,0,1,1,0,0
44,0,26.03749399134753,83.40000153,118.66666666666669,84.33333333333333,0,0,6.0,4.0,0,1,1,0,0,0
49,0,20.722643189500825,84.59999847,110.66666666666669,71.0,0,1,6.0,4.0,0,1,1,0,0,0
28,1,20.45890007752283,73.59999847,135.33333333333334,75.66666666666667,0,0,6.0,4.0,0,1,1,0,0,0
25,0,20.307135031546025,65.09999847,129.33333333333334,87.0,0,0,4.0,4.0,0,1,1,0,0,0
60,0,27.35845783283732,100.4000015,187.3333333333333,98.0,0,0,4.0,4.0,0,1,1,0,1,0
37,0,24.56312567336971,84.30000305,130.66666666666666,102.0,0,0,4.0,4.0,0,1,1,0,0,1
53,1,21.31487094204657,87.30000305,150.0,100.66666666666669,0,0,6.0,4.0,0,1,1,0,0,0
38,1,25.69341716190057,84.69999695,142.66666666666666,95.66666666666669,1,0,6.0,4.0,0,1,1,1,0,0
25,0,25.00977553614945,79.30000305,161.66666666666666,111.0,0,0,4.0,4.0,0,1,1,0,1,0
35,0,29.576483060462365,96.5,119.0,77.33333333333333,0,1,3.0,4.0,0,1,1,0,0,0
62,0,38.352968308931466,112.5999985,168.33333333333334,95.66666666666669,0,0,5.0,4.0,0,1,1,0,1,0
48,0,27.04196259076964,87.69999695,133.33333333333334,82.66666666666667,0,0,4.0,4.0,0,1,1,0,0,0
60,0,24.894766326632062,88.59999847,141.33333333333334,86.0,0,0,4.0,4.0,0,1,1,0,0,0
34,0,22.15099941985476,76.0,118.66666666666669,81.33333333333333,0,0,5.0,4.0,0,1,1,0,0,0
29,0,37.57619504122239,107.6999969,137.66666666666666,97.0,0,0,6.0,4.0,0,1,1,0,0,0
61,0,34.19076510905249,106.5,142.66666666666666,103.0,0,0,5.0,4.0,0,1,1,0,0,0
28,0,23.00584296574458,87.5,122.0,79.0,0,0,4.0,4.0,0,1,1,0,0,0
44,0,27.989387457049475,81.40000153,123.0,59.333333333333336,0,0,6.0,4.0,0,1,1,0,0,0
25,0,27.51438941133924,92.59999847,117.66666666666669,79.66666666666667,0,1,4.0,4.0,0,1,1,0,0,0
62,1,24.308612478576592,84.0,122.0,93.66666666666669,0,0,2.0,3.0,0,0,1,0,0,0
30,1,26.600766824574507,90.59999847,143.0,80.33333333333333,0,0,6.0,4.0,1,0,1,1,0,0
37,0,34.89229415721148,94.90000153,124.33333333333331,80.0,0,1,0.0,6.0,0,1,1,0,0,0
51,1,17.89675534089893,75.30000305,107.33333333333331,70.0,0,1,6.0,4.0,0,1,1,0,1,0
37,0,28.40077649222736,99.80000305,221.0,106.0,0,0,5.0,6.0,0,1,1,0,1,0
28,0,27.840285267531907,83.59999847,109.66666666666669,64.33333333333333,0,1,5.0,4.0,0,1,1,0,0,0
27,0,32.09178351111066,105.3000031,99.66666666666669,55.0,0,0,5.0,4.0,0,1,1,0,0,0
42,0,23.837146158932285,90.80000305,124.33333333333331,77.66666666666667,0,0,4.0,4.0,0,1,1,0,0,0
60,0,25.1220513378866,81.5,112.0,71.0,0,1,6.0,4.0,0,1,1,0,0,0
34,1,25.47160874908232,92.5,122.66666666666669,80.66666666666667,0,0,5.0,4.0,0,1,1,0,1,0
56,1,21.137632260575494,79.0,142.66666666666666,84.66666666666667,0,1,4.0,1.0,0,0,1,0,0,0
28,0,35.14100054854562,91.0,119.66666666666669,84.33333333333333,0,0,3.0,4.0,0,1,1,0,0,0
33,0,23.1763316487574,79.69999695,113.66666666666669,67.0,0,1,6.0,3.0,0,1,1,0,0,0
36,0,26.22150458676025,98.5,112.66666666666669,67.33333333333333,0,0,4.0,5.0,0,1,1,0,0,0
48,0,30.981841114987187,105.5999985,150.66666666666666,103.0,0,1,5.0,6.0,0,1,1,0,0,0
36,1,21.715364898627275,76.59999847,134.0,89.66666666666667,0,1,6.0,4.0,0,1,1,0,1,0
29,0,22.35236578132638,78.0,113.33333333333331,71.33333333333333,0,1,6.0,3.0,1,0,1,0,0,0
26,0,23.28694938131364,73.0,117.33333333333331,67.33333333333333,0,1,6.0,3.0,0,0,1,0,0,0
50,0,36.57557116815541,102.3000031,161.33333333333334,101.66666666666669,1,1,6.0,4.0,0,1,1,0,0,0
30,1,19.19303475335038,70.5,161.33333333333334,118.66666666666669,0,1,5.0,4.0,0,1,1,0,0,0
58,1,25.16884654069954,95.5,129.66666666666666,92.0,0,1,6.0,5.0,0,0,1,0,1,0
54,1,25.98351580485632,91.0,152.33333333333334,98.66666666666669,0,1,4.0,4.0,0,1,1,0,1,0
45,0,27.385186683476647,92.0,122.33333333333331,78.33333333333333,0,0,1.0,2.0,0,0,1,0,1,0
48,0,29.15312257550811,85.09999847,133.0,83.0,0,0,3.0,2.0,0,1,1,0,0,0
51,1,26.381012392354545,86.09999847,137.33333333333334,103.66666666666669,0,1,2.0,2.0,0,1,1,0,0,0
33,0,36.0574524541957,100.0,138.0,100.0,0,0,2.0,2.0,0,1,1,0,0,0
37,1,28.28053589794084,97.0,143.0,106.66666666666669,0,1,1.0,1.0,0,0,1,0,1,0
35,1,19.7025508637246,76.09999847,136.66666666666666,81.33333333333333,0,1,0.0,2.0,1,1,1,1,0,0
31,0,18.58016902962164,105.1999969,188.3333333333333,113.33333333333331,0,1,0.0,4.0,1,0,1,0,0,0
43,0,26.6666661046832,89.30000305,113.66666666666669,67.0,0,1,2.0,2.0,1,0,1,0,0,1
33,0,25.16136124387647,78.19999695,114.33333333333331,73.0,0,1,3.0,3.0,1,0,1,0,0,0
54,0,30.79903102932201,99.09999847,130.66666666666666,89.33333333333333,0,1,2.0,3.0,0,1,1,0,1,0
52,0,29.360526570479447,120.1999969,127.33333333333331,83.66666666666667,0,0,1.0,4.0,0,0,1,0,0,0
38,1,25.77873216876778,99.40000153,130.0,82.33333333333333,1,1,2.0,3.0,0,1,0,0,1,0
26,1,20.136479613665653,59.20000076,103.33333333333331,65.33333333333333,0,0,2.0,3.0,0,0,1,0,0,0
49,1,30.61702146312537,104.1999969,154.66666666666666,90.33333333333331,0,0,0.0,2.0,1,0,1,0,0,0
49,0,49.4242942102497,121.0,140.0,109.0,0,1,3.0,4.0,0,1,0,0,1,0
39,1,27.62247140235617,94.5,124.66666666666669,93.33333333333331,0,0,4.0,3.0,0,1,1,0,0,0
25,1,26.16850152061489,65.0,133.66666666666666,85.66666666666667,0,0,2.0,4.0,1,0,1,0,0,0
31,1,21.92948955368863,82.19999695,119.0,72.33333333333333,0,0,3.0,3.0,0,0,1,1,1,0
31,0,30.00690575079641,105.8000031,123.33333333333331,80.33333333333333,0,1,5.0,2.0,0,0,1,0,0,0
33,0,33.9385388430315,104.9000015,138.0,94.33333333333331,0,1,4.0,4.0,1,0,0,0,0,0
45,0,32.35752408923038,112.0999985,176.33333333333334,106.33333333333331,0,1,3.0,4.0,1,0,1,0,0,0
27,1,24.78107499857977,72.09999847,126.66666666666669,82.0,0,0,4.0,3.0,0,0,0,0,1,0
35,0,42.99455443207213,80.40000153,122.66666666666669,88.0,0,0,2.0,4.0,1,0,1,0,0,0
44,0,25.86701604298582,88.59999847,143.66666666666666,101.33333333333331,0,0,2.0,4.0,0,1,1,1,0,0
45,0,20.04320935109313,71.19999695,119.33333333333331,72.33333333333333,0,0,3.0,4.0,0,0,0,0,1,0
41,0,18.255594186896808,70.59999847,172.33333333333334,113.0,0,0,0.0,3.0,0,0,0,0,1,0
49,0,39.698550667555295,93.5,155.66666666666666,104.0,0,0,0.0,4.0,0,0,1,0,1,0
33,0,32.52666305623383,108.5,136.33333333333334,107.0,0,0,4.0,2.0,0,0,1,0,0,0
31,1,24.89865733529668,85.69999695,117.66666666666669,78.0,0,0,3.0,4.0,1,0,1,0,0,0
33,0,20.132292241960897,82.5,119.0,73.66666666666667,0,1,0.0,2.0,0,0,0,0,0,0
33,1,26.76871822563232,83.30000305,133.33333333333334,95.66666666666669,0,0,0.0,3.0,0,1,1,0,1,0
62,1,17.62661168041029,69.5,130.33333333333334,73.33333333333333,0,0,4.0,3.0,1,0,1,0,0,0
30,0,22.64778815774352,79.5,107.0,69.33333333333333,0,0,1.0,4.0,0,1,1,0,0,0
40,0,18.10613577525614,98.90000153,125.66666666666669,82.0,0,0,2.0,3.0,1,0,1,0,0,0
38,0,31.19718324471884,103.5,127.66666666666669,88.33333333333333,0,0,2.0,4.0,0,1,1,0,0,0
43,0,30.24530813059748,96.40000153,121.0,73.66666666666667,0,0,3.0,2.0,0,1,1,0,1,0
36,0,35.492962467746615,115.4000015,150.33333333333334,98.0,0,0,2.0,2.0,0,0,1,0,0,0
30,1,18.41857672614566,72.0,117.66666666666669,82.66666666666667,0,0,0.0,4.0,0,1,1,0,0,0
51,0,28.443085571217456,86.30000305,121.66666666666669,82.66666666666667,0,0,2.0,2.0,0,1,1,0,0,0
43,0,31.39120095124852,98.0,142.0,90.33333333333331,0,0,2.0,4.0,0,0,1,1,0,0
58,0,33.310046110935474,95.40000153,153.33333333333334,99.33333333333331,0,1,2.0,3.0,0,1,1,0,1,0
38,0,29.753083937245115,110.5999985,151.33333333333334,108.0,0,0,2.0,4.0,0,0,0,1,0,0
33,1,14.76754107705191,77.0,160.0,112.0,0,1,2.0,3.0,0,1,1,0,0,0
49,1,17.951377533779716,73.09999847,118.33333333333331,75.0,0,0,4.0,3.0,0,0,1,1,0,0
44,1,23.80786937550516,80.90000153,136.66666666666666,86.0,0,0,2.0,4.0,0,1,1,1,0,0
59,0,31.921377167503724,120.0,153.0,99.66666666666669,0,1,0.0,3.0,0,1,1,0,0,0
64,0,29.09647677711509,97.40000153,170.0,97.66666666666669,0,0,0.0,4.0,0,1,1,0,0,0
47,0,25.513426077626743,98.0,145.0,86.0,0,0,1.0,3.0,0,1,1,0,0,0
35,1,26.590693754109143,80.59999847,136.33333333333334,84.66666666666667,0,1,0.0,2.0,0,1,1,1,0,0
48,1,28.1285433984457,96.0,136.0,82.66666666666667,0,1,4.0,2.0,0,1,1,0,0,0
40,1,27.63094160260432,91.69999695,120.33333333333331,83.66666666666667,0,1,2.0,2.0,1,0,1,1,0,0
28,1,28.90916195156157,81.0,126.66666666666669,81.0,0,0,0.0,3.0,0,1,1,0,0,0
64,0,19.96007358454193,83.59999847,123.0,78.33333333333333,0,1,2.0,4.0,0,0,1,0,1,0
37,1,23.28556191818728,70.59999847,119.0,72.0,0,0,0.0,7.0,0,1,1,0,0,0
25,1,23.28556191818728,94.0,131.66666666666666,76.66666666666667,0,0,4.0,2.0,1,0,1,1,0,0
37,1,29.891734826877386,90.59999847,147.0,95.0,0,0,2.0,3.0,1,0,1,0,0,0
30,1,28.56620167816913,96.30000305,120.33333333333331,82.0,0,0,3.0,2.0,0,1,1,0,0,0
40,0,26.18623239366872,91.30000305,109.33333333333331,69.66666666666667,0,0,2.0,1.0,0,1,1,0,0,0
28,1,28.28753221871839,90.0,130.0,72.0,0,0,4.0,2.0,0,1,1,0,0,0
36,1,29.69035528625529,89.30000305,113.0,85.0,0,0,3.0,2.0,0,1,1,0,1,0
34,1,19.27877446160709,88.40000153,129.0,87.0,0,0,3.0,2.0,0,1,1,0,0,0
30,1,24.203090824339345,78.09999847,113.5,86.5,0,0,4.0,4.0,0,1,1,0,0,0
41,0,34.56234222791356,107.3000031,129.0,84.33333333333333,0,0,2.0,3.0,0,1,1,0,0,1
57,0,23.69563159460221,79.69999695,185.3333333333333,116.33333333333331,0,0,2.0,4.0,0,0,1,0,0,0
40,1,25.83709130382603,69.0,130.33333333333334,89.0,0,0,4.0,3.0,0,1,1,0,0,0
42,0,35.32481831052635,102.3000031,98.0,71.33333333333333,0,1,1.0,3.0,0,0,1,0,0,0
61,1,22.27557825323444,85.0,176.0,102.33333333333331,0,1,2.0,3.0,0,0,1,0,0,0
38,0,20.279033289183086,80.0,145.33333333333334,98.0,0,0,2.0,2.0,0,1,1,0,0,0
57,0,20.90953374373228,77.0,122.66666666666669,64.33333333333333,0,0,1.0,2.0,0,0,0,0,0,0
38,0,20.497749554966727,48.09999847,116.66666666666669,87.33333333333333,0,0,3.0,2.0,0,1,1,0,0,0
26,1,26.6406762867207,90.09999847,124.33333333333331,80.0,0,1,0.0,4.0,0,1,1,0,0,0
50,0,20.783348444648865,83.59999847,155.0,99.33333333333331,0,1,0.0,2.0,0,0,1,0,0,0
25,0,24.90651205091568,83.0,133.33333333333334,95.66666666666669,0,1,0.0,3.0,0,0,1,0,0,0
59,0,30.71674735435397,96.0,135.33333333333334,87.33333333333333,0,0,2.0,3.0,1,0,1,0,0,1
47,1,34.35575507185122,107.0,126.66666666666669,84.66666666666667,0,0,0.0,3.0,0,1,1,0,0,0
56,0,37.1707594659222,113.5,161.0,93.0,0,0,0.0,2.0,0,1,0,0,0,0
45,0,36.87701402163342,121.5,129.33333333333334,89.66666666666667,0,0,2.0,4.0,0,0,1,0,0,0
32,0,21.436537825299187,93.0,132.0,88.33333333333333,0,0,0.0,1.0,0,0,1,0,0,0
53,0,27.70782513947459,101.0,149.66666666666666,100.33333333333331,0,0,2.0,3.0,0,1,1,0,0,0
25,1,22.837370242214536,78.5,130.33333333333334,82.0,0,0,6.0,4.0,0,1,1,0,0,0
46,0,33.55691146483137,98.0,135.0,94.0,0,0,2.0,2.0,0,0,1,0,0,0
64,0,41.36399619857729,115.0,146.33333333333334,103.0,0,0,3.0,1.0,0,0,1,0,0,0
35,0,30.411892655099503,97.0,126.66666666666669,89.0,0,0,4.0,2.0,0,0,1,0,1,0
45,0,31.43112318238265,107.0,134.0,103.0,0,0,0.0,3.0,0,1,1,0,0,0
46,1,29.475450894581705,103.5999985,127.66666666666669,90.66666666666669,0,1,2.0,1.0,0,0,1,0,1,0
25,0,22.553695553802573,78.5,120.66666666666669,64.33333333333333,0,0,2.0,2.0,0,1,1,1,0,0
60,0,37.28990096716272,110.0,116.33333333333331,77.66666666666667,0,0,1.0,2.0,0,0,1,0,0,0
32,0,33.06070700950109,97.0,112.66666666666669,81.66666666666667,0,0,2.0,3.0,1,0,1,0,0,0
58,1,24.6825685415925,87.0,154.66666666666666,91.66666666666669,0,0,0.0,3.0,0,0,1,0,0,0
50,0,29.014899889468897,102.0,155.0,104.0,0,0,0.0,2.0,0,1,1,0,0,1
42,0,33.746548720546734,95.0,133.33333333333334,91.66666666666669,0,0,3.0,3.0,0,1,1,0,0,0
49,1,21.63543851955765,74.40000153,143.0,90.0,0,0,4.0,4.0,0,1,1,0,0,0
33,0,26.8272883250032,94.30000305,125.0,81.0,0,0,0.0,2.0,0,1,1,0,0,0
35,0,26.551922890045468,96.19999695,150.0,100.5,0,0,2.0,2.0,0,1,1,0,0,0
35,1,35.143348361738674,115.5,130.66666666666666,107.66666666666669,0,1,2.0,4.0,1,0,1,1,0,0
44,0,27.944012120080103,89.0,127.0,86.66666666666667,0,0,2.0,4.0,0,1,1,0,0,0
32,0,34.712985686823075,97.0,127.0,106.0,0,1,4.0,2.0,0,1,1,0,0,0
56,1,21.72513494961637,79.0,160.0,99.66666666666669,0,0,0.0,2.0,0,1,1,0,0,0
38,1,30.199741795869983,102.0,154.0,90.0,0,0,2.0,3.0,0,1,1,0,0,0
54,0,29.186957435751967,94.40000153,155.66666666666666,105.66666666666669,0,0,3.0,2.0,0,1,1,0,0,0
33,1,20.50370155320076,67.09999847,124.33333333333331,72.33333333333333,0,0,3.0,3.0,0,1,0,0,0,0
52,0,44.2714700856352,130.1999969,161.66666666666666,116.0,0,0,4.0,4.0,0,1,1,0,0,0
31,1,20.782826023512182,70.19999695,133.0,81.33333333333333,0,0,5.0,3.0,0,0,1,0,1,0
38,0,28.254564494536943,98.19999695,111.0,74.33333333333333,0,0,6.0,3.0,1,0,1,0,0,0
27,0,22.31066784194224,75.19999695,109.66666666666669,69.0,0,0,2.0,2.0,0,1,1,0,0,0
38,0,38.47924123991985,103.0,127.0,85.0,0,0,2.0,3.0,0,0,0,1,0,0
34,0,27.435292519362395,88.5,145.0,83.66666666666667,0,1,4.0,4.0,0,1,1,0,0,0
27,1,22.19995564263969,72.0,119.33333333333331,65.33333333333333,0,1,0.0,3.0,1,0,1,1,0,0
26,1,22.44944543193236,77.40000153,112.66666666666669,68.66666666666667,0,0,0.0,4.0,1,0,1,0,0,0
38,0,35.663253858598736,100.0,134.33333333333334,89.33333333333333,0,1,0.0,3.0,0,1,1,0,0,0
59,0,30.37385714652424,101.0,177.33333333333334,99.33333333333331,0,0,0.0,2.0,0,0,0,0,0,1
26,0,36.65062723475926,104.6999969,108.66666666666669,81.33333333333333,0,0,3.0,2.0,0,1,0,0,0,0
50,0,22.996267830341584,80.0,110.33333333333331,67.33333333333333,0,0,0.0,2.0,0,1,1,0,0,0
50,0,25.380753235640928,86.30000305,124.66666666666669,85.66666666666667,0,0,2.0,2.0,0,0,1,0,0,0
29,1,33.758172016728814,103.5999985,148.33333333333334,89.66666666666667,1,1,4.0,3.0,0,1,1,0,0,0
35,1,37.33893110169003,107.0,131.33333333333334,92.0,1,1,3.0,4.0,0,1,0,0,0,0
35,0,26.19474350512976,84.40000153,121.0,78.66666666666667,0,0,0.0,2.0,0,1,0,0,0,0
61,1,23.75243898827392,82.59999847,176.66666666666666,90.0,0,0,0.0,3.0,0,0,1,0,0,0
35,0,31.20949193004455,106.0,139.0,84.66666666666667,0,1,2.0,4.0,0,1,1,0,0,0
37,0,35.18895050700302,114.0,121.33333333333331,83.0,0,0,2.0,2.0,0,1,1,0,0,0
40,1,25.986573099867787,88.90000153,117.0,92.33333333333331,0,0,3.0,3.0,0,1,1,1,0,0
57,0,32.18934911242604,106.1999969,131.33333333333334,79.66666666666667,0,0,1.0,5.0,0,1,1,0,0,1
31,1,21.67940022959088,77.5,124.33333333333331,82.66666666666667,0,0,2.0,4.0,0,1,1,1,0,0
29,1,31.098454201938225,92.0,139.33333333333334,88.66666666666667,1,0,0.0,2.0,0,1,0,1,0,0
51,0,30.5921808525218,78.90000153,133.0,84.33333333333333,0,0,2.0,1.0,0,0,1,1,0,0
29,0,20.29487016279739,69.0,106.66666666666669,66.33333333333333,0,0,0.0,1.0,0,1,1,0,0,0
53,1,32.00526458147554,102.1999969,139.0,84.33333333333333,0,0,2.0,4.0,0,1,1,0,0,1
48,1,21.333375660752782,89.0,109.66666666666669,68.0,0,0,2.0,3.0,1,1,1,0,1,0
35,0,28.80112845459416,97.0,128.66666666666666,82.0,0,0,2.0,1.0,0,1,1,0,1,0
63,1,21.6208877976261,96.0,141.0,94.0,0,1,2.0,1.0,0,0,1,0,0,0
57,0,36.0121774738906,111.0,200.5,110.0,0,0,2.0,1.0,0,0,1,0,1,0
57,1,33.98694685299987,107.0,186.3333333333333,116.66666666666669,0,0,2.0,2.0,0,0,1,0,1,0
43,1,24.65781055387304,100.0,138.66666666666666,92.0,0,1,2.0,1.0,0,1,0,0,1,1
46,0,27.66846401476733,80.0,146.0,101.0,0,0,3.0,1.0,0,1,1,0,1,0
30,0,25.30301561460145,80.0,106.66666666666669,65.33333333333333,0,1,3.0,0.0,0,1,1,0,0,0
28,0,33.63685947746355,88.0,130.0,92.33333333333331,0,1,2.0,1.0,0,0,1,0,1,0
34,1,22.64999073545232,84.0,114.66666666666669,76.66666666666667,0,1,4.0,2.0,0,1,0,1,0,0
33,0,32.45002379929234,102.0,111.33333333333331,79.33333333333333,0,0,1.0,0.0,0,0,0,0,0,0
49,0,30.45340859554398,102.0,189.0,113.33333333333331,0,0,2.0,1.0,0,0,1,0,1,0
64,0,40.66332854507901,133.0,136.66666666666666,88.66666666666667,0,0,4.0,2.0,0,0,0,0,0,0
49,0,44.5011332553855,138.0,178.66666666666666,113.0,0,0,4.0,1.0,0,0,1,0,1,0
40,0,35.95608198414797,115.0,174.66666666666666,118.66666666666669,0,1,3.0,1.0,0,0,0,0,0,1
50,1,19.829467045002502,74.0,154.0,93.33333333333331,1,1,2.0,1.0,1,0,1,0,0,0
36,0,28.62181909800957,96.0,134.0,75.33333333333333,0,1,2.0,1.0,0,1,0,0,0,0
48,1,22.614827734527488,100.0,131.33333333333334,81.0,0,0,2.0,1.0,0,0,1,0,1,0
50,0,23.50774021753432,85.0,131.0,87.33333333333333,0,1,2.0,1.0,0,0,1,0,0,0
26,0,21.137632260575494,75.0,104.66666666666669,66.66666666666667,0,0,1.0,1.0,0,0,1,0,0,0
28,1,24.681978974325208,83.0,121.33333333333331,67.66666666666667,0,0,2.0,1.0,0,0,1,0,0,0
40,0,34.24592846067489,101.0,140.66666666666666,92.33333333333331,0,0,0.0,1.0,0,0,1,0,0,0
34,0,27.45446760588505,113.0,124.66666666666669,81.66666666666667,0,1,1.0,2.0,0,0,1,0,0,0
64,1,26.03257032996916,98.0,152.0,96.33333333333331,0,0,2.0,1.0,0,0,1,0,0,0
34,1,25.96762344895372,90.0,139.66666666666666,95.0,0,1,0.0,1.0,0,0,1,0,0,0
45,1,20.23500775639605,78.0,123.33333333333331,82.66666666666667,0,1,2.0,1.0,0,0,1,0,0,0
60,1,26.962867938633792,99.0,133.0,76.0,0,0,1.0,1.0,0,0,1,0,1,0
35,0,32.55202697504946,107.0,121.0,82.66666666666667,0,0,3.0,1.0,0,0,1,0,0,0
42,1,28.121484317764565,103.0,161.0,100.0,0,0,2.0,2.0,0,0,1,0,1,0
53,0,18.26630286412433,73.0,144.33333333333334,100.33333333333331,0,0,2.0,1.0,0,0,0,0,1,0
52,1,23.645270570789847,95.0,135.33333333333334,87.0,0,1,2.0,1.0,0,1,1,0,1,0
40,0,26.335405689687978,97.0,150.0,89.66666666666667,0,0,2.0,2.0,0,1,1,0,1,0
26,0,35.01596333751447,105.0,126.33333333333331,78.0,0,0,1.0,1.0,0,0,1,0,1,0
44,1,27.157097255238973,95.0,141.33333333333334,80.33333333333333,0,0,3.0,1.0,1,0,1,0,0,0
42,0,39.71825074502989,121.0,105.66666666666669,80.66666666666667,0,1,2.0,1.0,0,1,0,0,0,0
35,0,31.58861340679523,102.0,147.0,82.0,0,0,3.0,1.0,0,0,0,0,0,0
49,1,32.769930560113536,112.0,126.66666666666669,83.0,0,1,1.0,1.0,0,1,0,0,0,0
50,0,26.204622538846497,117.0,137.66666666666666,90.0,0,1,2.0,1.0,0,0,1,0,1,0
51,1,25.91306374856301,109.0999985,184.0,122.66666666666669,0,1,8.0,4.0,0,1,1,0,1,0
45,1,25.91306374856301,91.59999847,137.66666666666666,85.33333333333333,0,1,8.0,4.0,0,1,1,0,0,0
32,0,23.61952428872457,82.0,122.66666666666669,72.66666666666667,0,0,2.0,1.0,0,1,1,0,0,0
35,1,25.545634378543088,92.0,130.66666666666666,79.33333333333333,0,0,1.0,1.0,0,0,1,0,1,0
53,1,21.31824799209257,83.0,158.33333333333334,101.66666666666669,0,1,2.0,1.0,0,0,1,0,1,0
37,0,22.715639866106883,82.0,139.33333333333334,86.0,0,0,3.0,2.0,0,0,1,0,0,0
47,0,22.83061995388561,90.0,144.0,91.0,0,0,1.0,1.0,0,0,1,0,0,0
41,0,23.549757604492083,82.0,118.0,68.66666666666667,0,0,2.0,2.0,0,1,1,0,0,0
51,1,23.444986310858404,91.0,116.33333333333331,79.0,0,1,2.0,2.0,0,1,1,0,0,0
39,1,30.07897508641836,107.0,161.33333333333334,110.33333333333331,0,0,4.0,2.0,0,1,1,0,1,0
32,0,23.661438615467823,89.0,115.66666666666669,75.33333333333333,0,1,2.0,3.0,0,1,0,0,0,0
31,1,22.27712384079147,82.0,142.0,78.0,0,1,4.0,1.0,1,0,1,0,0,0
49,0,27.657745678568407,95.0,128.66666666666666,75.0,0,0,2.0,2.0,0,0,0,0,1,0
52,1,30.46875,100.0,178.66666666666666,97.0,0,1,2.0,3.0,0,1,1,0,0,0
32,0,31.831128378040333,103.8000031,114.33333333333331,73.33333333333333,0,1,5.0,4.0,0,1,1,0,1,0
30,0,20.188553715429485,70.0,127.66666666666669,76.33333333333333,0,0,0.0,1.0,1,0,1,0,0,0
25,0,22.63647279995159,72.0,117.66666666666669,82.0,0,1,1.0,1.0,0,0,1,0,0,0
48,1,23.246905027546955,81.0,133.33333333333334,103.0,0,1,0.0,1.0,0,1,1,0,0,0
25,0,35.90067876746926,127.0,127.66666666666669,92.33333333333331,0,0,2.0,1.0,0,0,1,0,0,0
56,0,20.676922497514795,88.0,172.33333333333334,109.33333333333331,0,0,0.0,1.0,0,0,1,0,0,0
25,1,21.00076390837728,75.0,142.66666666666666,78.0,0,0,1.0,1.0,0,0,1,0,1,0
54,0,30.60487416083637,111.0,156.66666666666666,98.66666666666669,0,0,2.0,2.0,0,0,1,0,1,0
32,1,23.935673648285185,75.0,125.66666666666669,65.0,0,0,3.0,2.0,1,0,1,1,0,0
56,1,23.935673648285185,90.0,173.0,90.0,0,1,4.0,1.0,0,0,1,0,1,0
37,0,33.68541567196732,112.0,155.33333333333334,108.66666666666669,0,1,2.0,2.0,0,0,0,0,0,0
45,0,26.59830216712065,96.0,121.33333333333331,74.33333333333333,0,1,2.0,1.0,1,0,1,0,0,0
28,0,31.328212317440773,95.0,122.33333333333331,85.0,0,1,2.0,2.0,0,0,0,0,1,0
51,1,25.70129023839321,94.0,159.33333333333334,91.66666666666669,0,0,4.0,1.0,0,0,1,0,0,0
36,0,23.98667692389456,93.0,193.0,115.33333333333331,0,0,4.0,2.0,0,0,1,0,1,0
55,0,33.31930610910604,118.0,143.33333333333334,88.66666666666667,0,0,4.0,2.0,0,0,1,0,1,0
32,0,29.65994356028988,96.0,135.33333333333334,83.33333333333333,0,0,2.0,1.0,0,0,1,0,1,0
26,1,19.881560310787965,72.0,117.0,79.0,0,1,2.0,2.0,0,0,1,0,1,0
64,0,42.421057985779726,124.5999985,128.33333333333334,72.33333333333333,0,0,0.0,4.0,0,1,1,0,0,0
28,1,29.8684837746742,98.19999695,125.33333333333331,86.33333333333333,0,1,4.0,3.0,0,1,1,0,0,0
33,1,28.2454036998305,96.80000305,150.33333333333334,87.66666666666667,0,1,3.0,1.0,0,1,1,0,0,0
47,1,22.573054392900527,82.0,109.33333333333331,71.66666666666667,0,0,2.0,2.0,0,0,1,0,0,0
30,0,21.087911709197165,84.0,120.33333333333331,75.33333333333333,0,0,1.0,2.0,0,0,1,0,0,0
40,0,31.2102036964943,104.0,161.0,105.33333333333331,0,1,2.0,1.0,0,0,1,0,0,0
38,0,26.82614509785895,99.0,132.33333333333334,84.0,0,1,1.0,1.0,0,0,1,0,0,0
48,0,25.77777777777778,93.0,162.66666666666666,105.66666666666669,0,0,0.0,1.0,0,1,1,0,1,1
33,0,22.21833346465932,78.0,108.66666666666669,62.0,0,1,2.0,1.0,0,1,1,0,0,0
51,1,27.66517036337008,98.0,156.0,102.33333333333331,0,1,2.0,1.0,0,1,1,0,0,0
64,0,28.6226580065985,102.0,172.33333333333334,108.0,0,0,1.0,1.0,0,0,0,0,0,0
32,1,22.83054042892314,93.0,151.0,100.66666666666669,0,1,4.0,1.0,1,0,1,0,0,0
60,0,30.00156105361868,105.0,131.33333333333334,75.0,0,0,2.0,1.0,0,1,1,0,1,0
35,0,44.23120361826761,121.0,142.0,91.0,0,1,0.0,1.0,0,1,1,0,0,0
30,0,32.06396764533118,109.0999985,130.33333333333334,86.0,0,0,2.0,1.0,0,1,1,0,0,0
31,1,25.05229283050604,82.0,147.66666666666666,78.0,0,0,2.0,1.0,0,0,1,1,0,0
34,0,19.981635089072544,78.0,108.66666666666669,76.66666666666667,0,0,2.0,1.0,0,1,0,0,0,0
63,1,24.904215064737745,93.0,131.0,74.66666666666667,0,1,2.0,1.0,0,0,1,0,1,0
28,0,28.11361707986585,92.0,115.33333333333331,84.0,0,0,1.0,1.0,0,1,0,0,0,0
42,1,27.67013075073624,93.0,196.3333333333333,115.66666666666669,0,0,2.0,1.0,0,1,1,0,0,0
49,1,25.0162513031495,89.0,197.3333333333333,111.66666666666669,1,0,1.0,1.0,0,0,1,0,0,0
34,0,35.105052048413995,100.0,115.66666666666669,76.0,0,1,0.0,1.0,0,0,0,0,0,0
32,0,22.48918013193056,82.0,112.33333333333331,74.66666666666667,0,0,2.0,1.0,0,1,1,0,0,0
64,0,29.61845684481729,100.0,152.0,95.0,0,1,2.0,1.0,0,0,1,0,1,0
43,1,26.05773943056004,85.0,169.66666666666666,112.0,1,0,2.0,2.0,0,0,1,0,1,0
45,0,32.01019129273504,106.0,136.66666666666666,85.33333333333333,0,0,1.0,2.0,0,1,1,0,0,0
45,0,30.445557052514268,88.0,132.33333333333334,92.0,0,0,0.0,2.0,0,0,1,0,0,0
34,1,26.86167049152837,95.0,136.33333333333334,79.0,0,1,1.0,2.0,0,0,1,0,0,0
25,1,26.152432304866853,77.0,132.33333333333334,78.0,0,0,2.0,1.0,0,0,1,1,0,0
27,0,27.793561635484146,99.0,128.33333333333334,75.0,0,0,3.0,1.0,0,0,1,0,0,0
51,1,33.01348888851267,105.0,178.33333333333334,120.33333333333331,0,0,2.0,1.0,0,0,1,0,1,0
42,0,26.34755431425598,90.0,138.66666666666666,87.33333333333333,0,0,2.0,2.0,0,0,1,0,0,0
45,0,38.20815152867532,117.0,171.0,107.66666666666669,0,1,2.0,2.0,0,0,1,0,0,0
64,0,48.425182202795206,150.0,181.0,129.0,0,1,0.0,1.0,0,0,1,0,0,0
44,0,33.97404028140313,107.0,121.33333333333331,80.33333333333333,0,1,1.0,1.0,0,1,1,0,0,0
56,0,21.39737611312179,84.0,137.33333333333334,86.33333333333333,0,1,0.0,2.0,0,0,0,0,0,0
56,1,24.1519428169684,87.0,131.0,89.33333333333333,0,0,3.0,1.0,1,0,1,0,0,0
59,1,22.22219284335665,90.0,162.66666666666666,89.33333333333333,1,1,2.0,1.0,0,0,1,0,1,0
58,1,22.229458768111574,87.0,127.33333333333331,91.0,0,1,2.0,1.0,0,0,1,0,1,0
49,0,23.80408975821688,99.0,139.66666666666666,87.66666666666667,0,0,2.0,1.0,0,0,1,0,1,0
63,1,21.708132385045754,85.0,139.33333333333334,58.66666666666666,0,1,1.0,1.0,0,0,1,0,1,0
61,1,25.970115548195267,107.0,218.66666666666663,126.33333333333331,0,0,1.0,7.0,0,0,1,0,1,0
51,1,22.99948315423305,85.0,128.0,92.0,0,1,0.0,1.0,0,1,1,0,1,0
30,0,30.03118589004229,86.0,114.0,80.0,0,1,2.0,3.0,0,1,1,0,0,0
46,0,30.47156202424312,95.0,127.0,74.66666666666667,0,0,2.0,3.0,0,1,1,0,0,0
46,1,26.058289090007108,91.0,142.33333333333334,91.0,1,1,10.0,3.0,0,0,1,1,1,0
45,1,22.48659753674526,82.0,131.0,73.66666666666667,0,1,0.0,7.0,1,0,0,0,0,0
60,1,24.92670726340726,92.0,170.0,93.0,0,1,2.0,2.0,0,0,1,0,1,0
59,0,23.867605147515064,102.0,165.33333333333334,106.66666666666669,0,1,2.0,4.0,0,0,0,0,0,0
33,0,28.04423134385415,105.0,118.66666666666669,85.0,0,1,8.0,3.0,0,1,1,0,0,0
38,0,31.27842466724161,110.0,116.33333333333331,79.33333333333333,0,0,5.0,4.0,0,1,1,0,1,0
60,0,10.0009998559612,79.0,144.33333333333334,76.33333333333333,0,0,0.0,2.0,0,0,1,0,0,0
29,1,31.74527602050787,104.0,121.33333333333331,74.0,0,1,4.0,4.0,0,1,1,1,0,0
30,1,24.836386666781326,85.0,140.0,81.66666666666667,0,1,6.0,4.0,0,1,1,0,1,0
25,0,20.686024758251087,56.0,225.0,128.0,0,0,5.0,6.0,0,1,1,0,0,0
29,1,17.74234059357098,86.0,144.0,99.33333333333331,0,1,8.0,6.0,0,0,1,0,0,0
49,0,28.642402224396857,108.0,125.0,74.33333333333333,0,0,1.0,1.0,0,0,1,0,0,0
32,1,24.158817968558527,80.0,127.33333333333331,66.66666666666667,0,1,10.0,3.0,1,0,0,0,1,0
44,0,30.77050117601923,106.0,163.33333333333334,97.33333333333331,0,1,7.0,2.0,0,0,1,0,0,0
43,0,23.133565918839025,84.0,109.33333333333331,74.33333333333333,0,0,2.0,3.0,0,1,1,0,0,0
37,1,27.966185622640246,96.0,163.66666666666666,106.0,0,0,4.0,3.0,0,1,1,0,1,0
60,0,39.58294313145508,125.0,133.0,79.66666666666667,0,0,1.0,1.0,0,0,1,0,0,0
26,0,27.749660183493223,96.0,137.33333333333334,82.0,0,0,6.0,3.0,0,1,1,0,1,0
55,0,31.64036817882972,103.0,171.66666666666666,90.33333333333331,0,0,0.0,3.0,1,0,1,0,0,0
30,0,31.48406652481372,95.0,107.0,64.66666666666667,0,0,8.0,4.0,0,1,0,0,0,0
39,0,18.630260109087885,85.0,132.33333333333334,83.66666666666667,0,1,0.0,2.0,0,0,1,0,0,0
41,0,24.65436556597441,95.0,105.33333333333331,65.66666666666667,0,0,3.0,3.0,0,0,1,0,0,0
54,0,34.28005787716098,99.0,207.3333333333333,118.33333333333331,0,1,4.0,4.0,0,1,1,0,1,0
31,1,23.09406944082767,78.0,130.66666666666666,70.33333333333333,0,0,10.0,3.0,0,1,0,1,0,0
25,0,28.545245642742508,98.0,113.0,65.33333333333333,0,0,0.0,2.0,0,0,0,0,0,0
40,1,21.1938888453218,73.59999847,144.66666666666666,79.33333333333333,0,0,8.0,8.0,0,1,1,0,1,0
25,0,32.587226418481364,96.5,126.66666666666669,89.66666666666667,0,1,8.0,6.0,0,1,1,0,1,0
40,0,36.57777913333334,107.0,218.3333333333333,122.66666666666669,0,0,2.0,1.0,0,0,0,0,0,0
57,1,20.27235548831281,74.0,162.0,89.33333333333333,1,1,8.0,4.0,0,1,1,0,0,0
28,0,23.13846095905325,87.0,123.33333333333331,73.66666666666667,0,1,0.0,2.0,0,0,1,0,0,0
57,0,22.14633691295326,101.0,145.0,79.33333333333333,0,0,6.0,4.0,0,1,1,0,0,1
48,0,24.682481108680385,96.0,104.66666666666669,68.66666666666667,0,1,2.0,2.0,0,0,1,0,0,0
31,0,29.455820039633767,103.0,127.66666666666669,84.0,0,0,1.0,1.0,0,0,1,0,0,0
29,1,27.504788248155787,88.0,125.0,73.0,0,1,2.0,3.0,0,1,1,1,0,0
62,0,33.997898823735795,102.0,120.33333333333331,73.0,0,0,2.0,3.0,0,0,0,0,0,0
54,0,34.05526591916152,99.0,140.0,92.0,0,1,4.0,3.0,0,0,1,0,0,0
42,0,30.69218978341365,101.0,135.0,96.33333333333331,0,0,3.0,2.0,0,0,0,0,0,0
63,0,26.70900563982634,96.0,145.33333333333334,84.0,0,0,5.0,2.0,0,0,1,0,0,0
47,0,18.85972027913025,78.0,119.0,85.66666666666667,0,0,0.0,4.0,0,0,1,0,0,0
26,1,19.987546150573458,77.0,158.0,67.66666666666667,0,0,5.0,3.0,0,0,1,0,0,0
49,0,25.033095693628287,88.0,158.33333333333334,101.0,0,0,3.0,3.0,0,0,1,0,0,0
26,1,27.86980528709583,91.0,135.0,78.33333333333333,0,1,2.0,3.0,0,1,1,0,0,0
55,0,24.65461525592371,85.0,113.0,71.33333333333333,0,0,5.0,3.0,0,1,0,0,0,0
43,1,23.034009907869123,83.0,126.33333333333331,80.66666666666667,0,0,4.0,3.0,0,0,1,0,0,0
32,0,21.84264614263964,84.0,121.66666666666669,79.0,0,1,0.0,0.0,0,1,1,0,0,0
60,0,38.70421656024015,118.0,153.0,78.66666666666667,0,1,0.0,6.0,0,0,0,0,0,0
60,0,29.93852908609254,93.0,225.3333333333333,113.66666666666669,0,0,2.0,3.0,0,0,1,0,0,0
35,0,30.788121990263583,95.0,192.0,123.0,0,1,1.0,6.0,0,1,1,0,0,0
49,0,34.261908398085495,90.0,161.0,95.33333333333331,0,0,4.0,5.0,0,1,1,0,0,0
49,0,31.98431652044699,110.0,114.33333333333331,79.33333333333333,0,1,0.0,2.0,0,0,1,0,0,0
42,0,25.50297935773612,95.0,139.66666666666666,87.0,0,1,0.0,2.0,0,0,1,0,0,0
49,0,27.80129204722656,100.0,125.66666666666669,85.33333333333333,0,1,3.0,2.0,0,1,1,0,1,0
40,0,37.34681863332245,110.0,132.33333333333334,85.33333333333333,0,0,1.0,2.0,0,0,0,0,0,0
49,1,25.97525661217018,90.0,140.0,87.33333333333333,1,1,1.0,4.0,0,1,1,1,0,0
53,0,25.106199043338098,85.0,145.66666666666666,82.66666666666667,0,1,4.0,4.0,0,0,1,1,0,0
34,0,29.098796951460656,93.0,116.33333333333331,71.0,0,1,4.0,2.0,0,1,0,0,0,0
52,0,32.14244905076633,98.0,138.33333333333334,80.33333333333333,0,1,4.0,4.0,1,0,1,0,0,0
43,0,25.13384833060679,92.0,165.33333333333334,113.66666666666669,0,0,3.0,3.0,0,0,0,0,0,0
34,0,25.26696252663665,87.0,102.33333333333331,51.66666666666666,0,0,2.0,2.0,0,1,1,0,0,0
38,0,34.181032580627,97.0,112.33333333333331,76.66666666666667,0,1,2.0,2.0,0,0,0,0,0,0
43,0,30.50872365880592,96.5,157.33333333333334,91.0,0,0,6.0,4.0,0,1,1,0,0,0
31,0,22.46003435064077,84.0,138.66666666666666,92.33333333333331,0,0,3.0,2.0,1,0,1,0,0,0
43,1,26.097627775594457,83.0,145.0,101.66666666666669,0,1,2.0,2.0,0,0,0,0,0,0
55,0,24.7109284903691,89.0,142.0,97.66666666666669,0,0,2.0,2.0,0,0,1,0,0,0
33,0,34.454155050300216,110.0,100.33333333333331,70.0,0,1,2.0,1.0,0,1,1,0,0,0
39,0,36.1518345390819,115.0,109.0,77.33333333333333,0,0,2.0,2.0,0,0,1,0,1,1
57,1,20.56343059516908,77.0,139.33333333333334,90.0,0,0,2.0,1.0,1,0,1,0,0,0
47,0,27.560290531681257,96.0,150.0,90.66666666666669,0,1,4.0,3.0,0,0,1,0,0,0
29,0,23.92301584053976,92.0,208.0,117.33333333333331,0,1,0.0,1.0,1,0,1,0,1,0
28,0,20.4527281475918,75.0,101.0,62.66666666666666,0,1,3.0,3.0,0,0,0,0,0,0
26,1,29.647830532058578,75.0,113.66666666666669,75.0,0,1,3.0,2.0,1,0,1,0,0,0
30,0,23.54538824405231,87.0,143.0,106.0,0,0,0.0,2.0,1,0,0,0,0,0
27,0,22.82426517680231,86.0,130.0,91.0,0,0,20.0,3.0,0,0,0,0,0,0
40,0,26.44984174017009,94.0,153.66666666666666,90.33333333333331,0,0,2.0,2.0,0,0,0,0,0,0
29,0,24.72946255525072,91.0,100.0,62.0,0,0,4.0,2.0,0,0,1,0,0,0
32,0,30.864197530864192,100.0,106.33333333333331,73.66666666666667,0,1,2.0,1.0,0,0,1,0,1,0
63,1,28.8597126930784,110.0,166.66666666666666,100.0,0,0,4.0,1.0,0,0,1,0,0,0
38,1,33.73942731347052,102.1999969,140.33333333333334,92.0,0,0,0.0,3.0,0,1,1,0,0,0
33,1,28.81740308472277,95.09999847,130.0,85.66666666666667,0,1,2.0,3.0,0,1,1,0,0,0
25,0,23.51716961498439,77.0,113.66666666666669,68.0,0,0,0.0,3.0,0,1,0,0,0,0
31,0,29.05641798712786,91.0,115.66666666666669,81.66666666666667,0,0,4.0,2.0,0,0,1,0,0,0
31,1,20.44359437358277,73.0,146.0,82.66666666666667,0,0,5.0,3.0,1,0,0,0,0,0
38,0,42.40450803809445,118.0,164.0,89.66666666666667,0,0,0.0,1.0,0,0,1,0,0,0
46,1,23.282220133341287,73.0,148.33333333333334,96.0,0,0,20.0,2.0,0,0,1,0,0,0
45,1,31.496870308812973,99.0,141.33333333333334,100.0,0,0,4.0,3.0,1,0,1,1,0,0
31,0,23.219954031746035,79.0,131.33333333333334,87.33333333333333,0,1,0.0,2.0,0,0,1,0,0,0
28,1,29.059000817229013,96.0,147.0,105.0,0,1,4.0,4.0,0,0,0,1,0,0
29,0,30.70358866580245,99.0,131.0,96.33333333333331,0,1,3.0,3.0,1,0,0,0,0,0
42,1,23.987952787837497,82.80000305,133.0,80.66666666666667,0,0,4.0,3.0,1,0,1,1,0,0
50,0,20.392474066664416,80.09999847,137.0,90.0,0,0,2.0,3.0,0,1,1,0,0,0
36,0,25.95997939764738,103.0,121.0,79.5,0,0,10.0,4.0,0,0,0,0,0,0
34,1,19.99355859142865,74.0,121.0,74.0,0,1,2.0,2.0,1,0,1,0,0,0
30,1,25.0385662117796,80.0,136.0,80.33333333333333,0,0,10.0,3.0,0,1,1,0,0,0
28,0,28.2918458606074,98.0,106.0,77.33333333333333,0,0,4.0,2.0,0,0,0,0,0,0
52,1,18.78861324448678,69.0,147.0,88.33333333333333,0,0,0.0,2.0,0,1,1,1,0,0
42,0,22.409734839780363,78.0,137.33333333333334,82.66666666666667,0,0,2.0,1.0,0,1,1,0,0,0
28,1,23.37124143151372,87.0,124.66666666666669,71.66666666666667,0,0,2.0,2.0,0,0,1,1,0,0
62,1,23.703652598860604,85.0,149.33333333333334,84.66666666666667,0,0,0.0,0.0,0,0,1,0,0,0
57,0,32.743390119987026,104.5999985,216.3333333333333,115.0,0,0,5.0,4.0,0,1,1,0,0,0
38,1,23.982660350009706,79.0,112.33333333333331,70.0,0,0,7.0,1.0,0,1,0,1,0,0
33,1,22.32801974697448,73.0,131.0,88.0,0,0,1.0,3.0,0,0,1,0,0,0
25,0,24.747314067393383,78.0,131.66666666666666,92.0,0,0,10.0,2.0,0,0,1,0,0,0
58,1,29.06394362161842,95.0,131.66666666666666,75.66666666666667,0,1,3.0,2.0,0,0,1,0,0,0
39,0,38.91387095754295,109.0,122.0,75.33333333333333,0,0,2.0,1.0,1,0,0,0,0,0
29,0,31.473917999841227,109.0,150.66666666666666,94.33333333333331,0,0,3.0,2.0,0,0,1,0,0,0
40,1,29.95411445667602,105.0,170.66666666666666,100.0,0,0,2.0,1.0,0,0,1,0,0,0
50,0,23.840796459200234,82.0,141.0,99.0,0,1,2.0,2.0,1,0,1,0,0,0
53,0,35.02731054057565,108.0,146.33333333333334,98.66666666666669,0,0,1.0,2.0,0,0,1,0,1,1
37,0,23.00296188892044,78.0,118.33333333333331,83.33333333333333,0,0,3.0,3.0,0,1,0,0,0,0
60,0,21.936347412254616,89.0,183.0,107.33333333333331,0,0,2.0,2.0,0,0,1,0,0,1
40,0,23.155439494598824,87.19999695,131.66666666666666,81.33333333333333,0,0,2.0,2.0,0,1,1,0,0,0
64,0,32.67531995688088,112.0,200.66666666666663,108.66666666666669,0,0,2.0,1.0,0,0,1,0,0,0
41,0,34.773196494719784,114.0,215.66666666666663,116.33333333333331,0,0,4.0,1.0,0,1,1,0,0,0
48,0,41.52266504581304,121.0,159.66666666666666,91.0,0,0,0.0,1.0,0,0,1,0,0,0
45,0,24.37892467061252,90.0,132.66666666666666,82.33333333333333,0,1,1.0,1.0,0,1,1,0,0,0
25,0,23.95007557766908,81.0,107.66666666666669,64.33333333333333,0,0,1.0,1.0,0,1,1,0,0,0
33,1,20.738667859183646,77.0,110.66666666666669,68.66666666666667,1,1,4.0,4.0,1,0,1,1,0,0
42,0,30.571725332558216,97.0,123.0,78.33333333333333,0,0,0.0,2.0,0,1,1,0,1,0
35,1,22.41243739246511,80.19999695,122.33333333333331,89.0,0,0,2.0,2.0,0,1,1,1,0,0
59,0,22.29252395989568,70.0,103.66666666666669,61.333333333333336,0,0,2.0,1.0,0,1,1,0,1,0
33,1,24.21236350861737,81.0,167.0,103.0,0,0,5.0,2.0,0,1,1,1,0,0
47,0,29.940363929571177,89.0,120.33333333333331,80.0,0,0,1.0,4.0,0,1,1,0,0,0
37,0,33.10154414896215,96.0,112.66666666666669,73.66666666666667,0,1,1.0,6.0,0,0,1,0,0,0
33,0,35.4137304156521,110.0,145.33333333333334,101.66666666666669,0,0,0.0,4.0,0,1,1,0,0,0
64,0,33.82222154222222,108.0,214.0,113.0,0,1,2.0,4.0,0,1,0,0,0,0
50,0,40.1359020611873,113.0,126.66666666666669,84.33333333333333,0,1,2.0,1.0,0,1,1,0,1,0
52,0,40.14917191707743,117.0,153.33333333333334,98.66666666666669,0,0,3.0,5.0,0,1,1,0,0,0
39,0,25.636883785949603,87.0,112.33333333333331,80.0,0,1,0.0,1.0,0,1,1,0,0,0
25,1,29.656683710737763,98.0,139.0,81.66666666666667,0,0,1.0,4.0,0,1,1,1,1,0
54,0,31.629060447771643,100.0,161.66666666666666,90.66666666666669,0,1,0.0,4.0,0,1,1,0,0,0
29,1,24.26987663939968,88.0,132.66666666666666,62.66666666666666,0,1,5.0,5.0,0,1,1,0,0,0
32,0,27.95324375369081,102.0,142.0,87.66666666666667,0,1,2.0,2.0,0,0,1,0,1,0
40,0,25.20586650095602,86.0,138.33333333333334,98.33333333333331,0,1,1.0,4.0,0,1,1,0,0,0
64,0,19.649323833769586,87.0,131.33333333333334,74.33333333333333,0,1,6.0,6.0,0,0,1,0,0,0
26,0,27.69137251180864,92.0,120.33333333333331,67.0,0,0,0.0,0.0,0,1,1,1,0,0
46,1,30.246056590668385,102.0,119.66666666666669,77.0,0,0,0.0,2.0,0,1,1,0,0,0
50,0,29.239053570253617,100.0,158.0,91.33333333333331,0,0,2.0,4.0,0,0,1,0,0,0
31,1,22.15788228075544,84.0,130.66666666666666,78.66666666666667,0,0,0.0,2.0,0,1,0,0,0,0
50,1,20.1640385645438,80.0,123.0,78.66666666666667,0,0,0.0,4.0,0,0,1,0,0,0
47,0,26.604794130228235,90.0,128.33333333333334,81.33333333333333,0,0,0.0,4.0,0,1,1,0,0,0
37,0,37.24277237722509,128.0,114.0,82.66666666666667,0,0,10.0,7.0,0,1,1,0,1,0
30,1,17.06141149632413,71.0,113.0,78.66666666666667,1,1,2.0,4.0,0,1,1,0,0,0
64,0,31.961546234609543,101.1999969,164.0,85.33333333333333,0,1,5.0,4.0,0,1,1,0,0,0
31,1,25.45224531449205,84.0,129.66666666666666,78.33333333333333,0,1,0.0,4.0,0,1,1,1,0,0
30,0,23.626025035798538,105.0,137.33333333333334,93.33333333333331,0,1,4.0,4.0,1,1,1,0,0,0
28,0,20.2762859752202,72.0,123.0,69.66666666666667,0,0,4.0,4.0,0,1,1,0,1,0
25,0,26.257397078402363,86.0,119.66666666666669,78.66666666666667,0,0,4.0,4.0,0,1,1,0,1,0
25,1,27.67013075073624,80.0,161.5,96.0,0,1,5.0,4.0,0,1,1,1,0,0
51,0,27.937797722380548,98.0,116.66666666666669,83.66666666666667,0,0,3.0,4.0,0,0,1,0,0,0
32,1,21.13567449869583,73.0,117.33333333333331,70.0,0,0,3.0,2.0,1,1,1,1,1,0
25,1,24.7459627388904,83.0,138.66666666666666,88.0,0,1,4.0,4.0,0,1,1,1,0,0
50,0,49.54321038700271,144.0,167.33333333333334,115.0,0,1,2.0,5.0,0,0,1,0,1,0
44,0,42.59172645762223,120.0,199.0,133.33333333333334,0,1,2.0,4.0,0,1,1,0,1,0
41,0,40.60632493290068,123.0,154.5,94.5,0,0,0.0,4.0,0,1,1,0,0,0
52,1,26.967097026784334,74.0,214.66666666666663,118.0,0,0,4.0,2.0,0,1,1,1,0,0
46,0,26.08452085011029,112.0,188.0,102.0,0,1,2.0,4.0,0,1,1,0,1,0
55,0,27.82399551101328,92.0,154.33333333333334,95.0,0,1,0.0,4.0,0,1,1,0,0,0
39,0,32.09178351111066,96.0,144.33333333333334,94.33333333333331,0,1,2.0,4.0,0,1,1,0,0,0
52,0,23.70768047213244,112.0,183.3333333333333,131.0,0,1,0.0,4.0,0,1,1,0,0,0
30,0,29.95708338102387,105.5999985,136.0,102.5,0,1,4.0,4.0,0,1,1,0,0,0
41,1,24.12447126959525,84.0,125.66666666666669,93.66666666666669,0,1,2.0,6.0,0,1,1,0,0,0
30,1,21.502496686814485,78.19999695,104.0,65.33333333333333,0,0,2.0,1.0,0,1,1,1,0,0
56,0,29.34817241790305,99.0,212.0,117.33333333333331,0,0,3.0,5.0,0,1,1,0,0,0
31,1,23.64379579291057,81.0,124.33333333333331,76.33333333333333,0,0,0.0,3.0,0,1,1,0,0,0
37,1,27.14472457903905,93.0,148.0,112.0,0,0,2.0,3.0,0,1,1,0,1,0
29,0,27.260960836143663,97.0,145.33333333333334,100.66666666666669,0,1,2.0,4.0,0,1,1,0,0,0
30,1,31.28451183212196,98.90000153,131.66666666666666,88.66666666666667,0,0,4.0,4.0,0,1,1,0,0,0
56,0,39.50742509684624,118.0,148.0,97.66666666666669,0,1,4.0,6.0,0,1,1,1,1,1
25,0,29.51975146145001,89.0,128.66666666666666,84.0,0,1,1.0,3.0,0,1,1,0,0,0
40,1,24.5042405229316,90.90000153,123.66666666666669,78.33333333333333,0,0,6.0,6.0,0,1,1,1,0,0
57,0,26.210575253613545,94.30000305,111.66666666666669,71.66666666666667,0,1,4.0,4.0,0,1,1,0,0,0
28,0,25.60553633217993,87.0,117.33333333333331,67.66666666666667,0,1,2.0,2.0,0,1,1,0,0,0
40,0,36.68839877705335,96.5,154.33333333333334,82.66666666666667,0,0,1.0,5.0,0,1,1,0,0,0
40,1,21.948962103732725,80.0,137.66666666666666,94.0,0,0,6.0,4.0,0,1,1,0,1,0
32,1,25.31398377643568,84.0,147.66666666666666,103.0,0,0,4.0,3.0,0,1,1,1,0,0
34,0,29.38170068916471,95.0,148.0,89.33333333333333,0,1,0.0,2.0,0,1,1,0,0,0
39,0,38.16733850836853,114.0,126.66666666666669,88.66666666666667,0,1,0.0,3.0,0,1,1,1,0,0
50,0,32.13346456102969,103.8000031,146.0,93.0,0,1,4.0,4.0,0,1,1,0,0,0
25,1,26.39940456665765,89.0,157.0,72.0,0,0,4.0,1.0,0,0,1,1,0,0
29,1,20.15905728799685,72.09999847,118.0,75.33333333333333,0,1,4.0,4.0,0,1,1,0,0,0
26,1,23.50755985994245,77.5,114.33333333333331,70.66666666666667,0,1,5.0,4.0,0,1,1,1,0,0
39,0,32.85519784307924,106.5999985,164.66666666666666,113.33333333333331,0,1,4.0,4.0,0,1,1,0,0,0
25,0,20.67465620371756,91.0,108.66666666666669,62.0,0,1,4.0,4.0,0,0,1,0,0,0
32,1,24.42447073741188,83.5,151.33333333333334,91.33333333333331,0,1,4.0,6.0,0,1,1,0,0,0
30,0,33.94785028334135,108.0,144.0,83.66666666666667,0,0,2.0,2.0,0,0,1,0,1,0
48,0,45.144683882778665,126.5,110.0,73.66666666666667,0,0,2.0,1.0,0,0,1,0,0,0
30,0,23.03351698879329,86.5,153.0,95.66666666666669,0,1,3.0,4.0,0,1,1,0,0,0
35,1,26.071370376405408,71.0,127.0,82.66666666666667,0,0,0.0,3.0,0,1,1,0,0,0
60,0,26.058289090007108,102.0,114.66666666666669,72.33333333333333,0,0,2.0,4.0,0,1,1,0,0,0
41,0,30.85399449035813,106.0,165.0,97.0,0,0,2.0,3.0,0,1,1,0,0,0
28,0,27.548209366391188,49.0,124.0,84.33333333333333,0,0,2.0,4.0,0,1,1,0,0,0
31,1,23.94857555555556,76.0,128.0,77.33333333333333,1,0,3.0,3.0,0,1,1,1,0,0
44,0,29.84297388239064,95.0,134.66666666666666,97.0,0,0,0.0,4.0,0,1,1,0,0,0
28,1,24.461327018515487,84.0,142.66666666666666,76.33333333333333,0,1,4.0,4.0,0,1,1,1,0,0
29,1,26.94846381792689,84.69999695,134.66666666666666,83.0,0,1,6.0,4.0,0,1,1,1,0,0
26,0,27.24031777132703,87.0,134.33333333333334,84.66666666666667,0,0,3.0,3.0,0,1,1,0,0,0
47,0,32.36089783712511,97.19999695,153.5,96.5,0,1,4.0,4.0,0,1,1,0,0,0
53,0,18.84490861437875,69.0,155.66666666666666,102.33333333333331,0,0,2.0,2.0,0,1,1,0,0,0
26,1,24.279457863486968,79.0,153.66666666666666,77.66666666666667,0,0,4.0,4.0,0,0,1,1,0,0
49,1,28.321533731693425,94.0,130.0,80.0,0,0,4.0,3.0,0,1,1,1,0,0
25,0,24.360793503964235,75.0,130.0,84.33333333333333,0,0,2.0,3.0,0,1,1,0,0,0
41,0,20.67732950385515,84.0,228.0,136.66666666666666,0,0,3.0,3.0,0,1,1,0,0,0
25,0,24.19702655053806,97.0,122.0,76.0,0,0,3.0,3.0,0,1,1,0,0,0
56,0,27.66312561017096,102.0,139.66666666666666,86.66666666666667,0,0,1.0,3.0,0,0,1,0,0,1
50,0,26.574248006054265,78.0,122.66666666666669,74.66666666666667,0,0,2.0,3.0,0,1,1,0,0,0
50,1,18.96975142045323,69.0,120.66666666666669,78.0,0,1,2.0,4.0,0,1,1,0,0,0
37,0,42.22454605959022,109.0,145.0,98.66666666666669,0,1,0.0,3.0,0,1,1,0,0,0
57,1,25.59434139911068,98.0,138.0,78.0,0,1,1.0,1.0,0,0,1,0,1,0
53,0,23.17367247597133,87.0,128.33333333333334,77.66666666666667,0,0,3.0,4.0,0,0,1,0,0,0
50,0,31.24475234287149,99.0,136.33333333333334,80.33333333333333,0,0,3.0,4.0,0,1,1,0,0,0
37,1,29.43971224853296,91.0,142.66666666666666,93.0,0,1,1.0,2.0,0,1,1,0,0,0
36,1,23.482941849958067,81.0,124.66666666666669,83.33333333333333,0,0,2.0,2.0,0,1,1,1,0,0
57,0,24.406045458182685,98.5,186.0,111.0,0,1,5.0,4.0,0,1,1,0,0,0
57,1,23.460409508002165,87.0,143.33333333333334,94.33333333333331,1,0,2.0,3.0,0,1,0,0,0,0
30,1,24.19320945806277,82.0,120.66666666666669,63.66666666666666,0,1,2.0,3.0,0,1,1,1,0,0
25,0,28.51902480515845,98.0,102.0,54.0,0,1,3.0,3.0,0,1,1,0,0,0
35,0,31.35886188151041,91.0,111.0,64.33333333333333,0,0,4.0,3.0,0,1,0,0,0,0
37,0,31.283565437018623,98.0,124.33333333333331,75.66666666666667,0,0,2.0,2.0,0,1,1,0,0,0
30,0,35.442146772676054,102.5,102.33333333333331,76.0,0,0,6.0,4.0,0,1,1,0,0,0
50,1,25.703979810096737,94.0,189.0,113.0,0,1,2.0,2.0,0,1,1,0,0,0
63,1,23.78853149803289,98.0,124.66666666666669,75.66666666666667,0,0,3.0,2.0,0,1,1,1,0,0
35,0,34.149835262972296,100.0,105.66666666666669,65.0,0,1,2.0,2.0,0,1,1,0,0,0
27,1,43.3818528201608,91.0,122.0,70.66666666666667,0,1,4.0,2.0,0,1,1,1,0,0
32,1,27.13490424004762,97.0,144.0,97.0,0,0,3.0,2.0,0,1,1,0,0,0
33,1,26.5571347692116,89.0,158.0,95.66666666666669,0,1,2.0,2.0,0,1,1,1,0,0
50,0,32.28572435571099,106.0,131.0,81.66666666666667,0,0,2.0,3.0,0,1,1,0,0,0
53,0,26.171484577206225,96.0,169.33333333333334,99.0,0,0,5.0,2.0,0,0,0,0,0,0
55,1,10.0009998559612,101.0,162.0,107.66666666666669,0,1,4.0,2.0,0,0,0,0,0,0
56,1,22.49963710262738,91.19999695,171.33333333333334,92.0,0,1,6.0,5.0,0,0,1,0,1,0
46,0,30.23617044652527,98.0,135.0,85.33333333333333,0,1,8.0,4.0,0,1,1,0,0,0
35,0,21.05170825840972,79.0,117.33333333333331,72.33333333333333,0,1,4.0,5.0,0,1,1,0,0,0
30,0,19.92369643684048,77.30000305,150.33333333333334,102.66666666666669,0,1,4.0,5.0,0,1,1,0,0,0
30,0,27.7599730232949,94.80000305,150.0,105.33333333333331,0,0,6.0,4.0,0,1,1,0,0,0
35,0,35.286234290678564,100.0,134.66666666666666,97.0,0,0,2.0,3.0,0,1,1,0,0,0
51,1,17.217291884451015,79.0,101.66666666666669,62.66666666666666,0,1,0.0,1.0,0,1,1,0,0,0
46,0,38.45997932979025,114.0,170.66666666666666,114.0,0,0,0.0,1.0,0,0,1,0,1,0
58,1,24.07916417176202,90.19999695,146.33333333333334,90.0,0,0,2.0,2.0,1,1,1,1,0,0
32,1,17.658025348949753,72.0,118.33333333333331,75.33333333333333,0,0,2.0,1.0,0,0,1,0,1,0
36,1,28.73031546558328,92.0,134.66666666666666,70.66666666666667,0,0,5.0,3.0,0,1,1,1,0,0
40,0,24.77214089679352,72.40000153,133.33333333333334,78.66666666666667,0,1,2.0,2.0,0,1,1,1,0,0
43,0,30.72191273652233,88.0,165.0,91.0,0,1,4.0,3.0,0,0,1,0,0,0
38,1,33.69835135217406,101.0,148.0,93.0,0,1,3.0,3.0,0,1,1,1,0,0
32,1,22.445519770475062,73.0,118.33333333333331,71.33333333333333,0,0,5.0,3.0,0,1,1,1,0,0
29,0,26.37394847595877,81.0,132.33333333333334,79.33333333333333,0,0,2.0,2.0,0,0,1,0,0,0
35,0,19.79807370657783,69.0,124.0,92.0,0,0,3.0,3.0,0,0,1,0,0,0
40,0,24.43417117026287,79.0,162.33333333333334,98.66666666666669,0,1,2.0,2.0,0,0,1,0,0,0
34,0,28.528929684685103,95.0,144.33333333333334,94.66666666666669,0,0,1.0,1.0,0,1,1,1,0,0
32,0,30.677751965734444,80.5,136.33333333333334,87.33333333333333,0,0,2.0,2.0,0,0,1,0,0,0
38,0,24.689571348517905,83.0,217.0,122.66666666666669,0,1,2.0,1.0,0,0,1,0,0,0
32,0,16.428738746089397,69.0,103.33333333333331,82.66666666666667,0,0,2.0,2.0,0,0,1,0,0,1
40,0,24.66004742385187,85.5,153.33333333333334,93.33333333333331,0,1,3.0,2.0,0,0,1,0,0,0
61,0,37.79762256808485,110.5,179.66666666666666,80.0,0,0,3.0,3.0,0,0,0,0,0,1
32,1,29.36425366573226,97.0,154.66666666666666,88.66666666666667,0,0,3.0,3.0,0,1,1,1,0,0
48,0,22.75308057599835,89.0,134.66666666666666,82.66666666666667,0,0,2.0,1.0,0,0,1,0,0,0
32,0,23.848213016414583,82.0,101.0,71.0,0,0,0.0,1.0,0,0,1,0,0,0
25,0,20.140225313218224,82.0,106.66666666666669,75.66666666666667,0,1,2.0,1.0,0,0,1,0,0,0
30,0,24.29500622558706,96.0,109.0,87.33333333333333,0,0,2.0,1.0,0,0,1,0,0,0
64,0,31.578784586536432,82.0,164.0,76.66666666666667,0,0,2.0,2.0,0,0,1,0,0,0
55,0,35.8793601671976,97.80000305,147.66666666666666,88.33333333333333,0,0,3.0,1.0,0,0,1,0,0,0
31,0,18.27702939547904,66.5,100.0,64.33333333333333,0,0,1.0,1.0,0,1,1,0,0,0
26,0,17.790749968703764,71.19999695,107.66666666666669,71.66666666666667,0,0,3.0,1.0,0,0,1,0,0,0
32,1,31.964954609927133,100.5,150.0,91.33333333333331,0,0,4.0,1.0,1,0,1,0,0,0
38,0,36.22876832208484,98.5,118.33333333333331,85.0,0,0,2.0,3.0,0,0,1,0,0,0
31,0,27.92539722183516,82.30000305,103.66666666666669,78.0,0,0,3.0,2.0,0,0,1,0,0,0
38,1,15.779092702169626,74.0,113.66666666666669,75.66666666666667,0,0,2.0,3.0,0,1,1,1,0,0
27,0,28.12780588040468,109.5,126.0,91.0,0,0,2.0,2.0,0,0,1,0,0,0
38,0,26.438750058879965,91.0,130.0,109.0,0,0,3.0,3.0,0,0,1,0,0,0
49,0,32.20736539724955,122.0,148.0,103.33333333333331,0,0,2.0,2.0,0,0,1,0,0,0
53,0,31.573557520845075,98.0,195.0,108.5,0,0,4.0,1.0,0,0,1,0,0,0
30,0,22.801337811315523,86.80000305,102.0,69.66666666666667,0,0,2.0,1.0,0,0,1,0,0,0
28,0,24.51087535713524,81.19999695,110.66666666666669,65.0,0,1,2.0,1.0,0,0,1,0,0,0
27,0,25.63092636290137,82.0,141.33333333333334,100.33333333333331,0,1,2.0,1.0,0,1,1,0,0,0
59,0,33.68347597255453,99.0,125.0,90.0,0,1,3.0,1.0,0,0,1,0,0,1
26,0,24.51734780012012,78.19999695,119.66666666666669,67.0,0,0,1.0,0.0,0,0,1,0,0,0
61,1,22.567226445617983,84.19999695,230.66666666666663,98.33333333333331,0,0,2.0,2.0,0,0,1,0,0,0
27,1,28.867750538380232,98.09999847,119.66666666666669,78.0,0,1,3.0,4.0,0,0,1,0,0,0
34,0,42.48249733001067,91.0,122.66666666666669,91.33333333333331,0,0,1.0,2.0,0,0,1,0,0,0
28,1,21.2294962984468,72.0,114.0,77.0,0,0,2.0,1.0,0,0,1,0,0,0
58,0,32.875968714733816,106.5,109.33333333333331,77.33333333333333,0,1,1.0,1.0,0,0,1,0,0,0
34,0,15.905984205266238,66.5,100.0,70.0,0,0,1.0,1.0,0,0,1,0,0,0
32,0,27.110281344527944,88.5,95.33333333333331,53.66666666666666,0,0,2.0,3.0,0,0,1,0,0,0
29,0,25.070490828769795,91.0,117.33333333333331,79.66666666666667,0,0,2.0,2.0,0,0,1,0,0,1
32,1,23.60778296488323,86.0,128.66666666666666,80.66666666666667,0,0,2.0,2.0,0,0,1,0,0,0
37,0,22.3325761056402,84.30000305,113.0,81.66666666666667,0,0,2.0,2.0,0,0,1,0,0,0
27,0,31.755024469800453,104.5,130.0,98.33333333333331,0,0,0.0,2.0,0,0,1,0,0,0
42,0,21.533846051252343,71.80000305,173.33333333333334,107.33333333333331,0,0,2.0,2.0,0,0,1,0,0,0
26,0,24.288164471183507,74.0,105.66666666666669,76.0,0,1,2.0,2.0,0,0,1,0,0,0
33,0,23.10747704267961,72.19999695,136.33333333333334,87.33333333333333,0,1,0.0,1.0,0,0,1,0,0,0
35,0,34.15439917557533,106.5,113.66666666666669,75.33333333333333,0,0,1.0,3.0,0,0,1,0,0,0
27,0,27.665169921733025,84.5,109.33333333333331,76.33333333333333,0,0,2.0,1.0,0,0,1,0,0,0
31,1,20.195553166882576,72.09999847,108.0,70.33333333333333,0,0,4.0,3.0,0,0,1,0,1,0
49,0,27.440483957987336,89.30000305,149.0,76.66666666666667,0,0,2.0,3.0,0,1,1,0,1,1
32,0,27.823275584623328,84.69999695,119.0,85.33333333333333,0,0,1.0,2.0,0,0,1,0,0,0
35,0,35.480645811584495,107.5,133.33333333333334,99.66666666666669,0,0,1.0,2.0,0,0,1,0,0,0
50,0,22.07297222197068,83.0,138.66666666666666,90.33333333333331,0,0,1.0,2.0,0,0,1,0,0,0
46,1,19.96264281885433,81.0,120.66666666666669,85.33333333333333,0,1,3.0,1.0,0,0,1,0,0,0
32,1,19.5321879909187,74.5,116.66666666666669,79.33333333333333,0,1,3.0,2.0,0,1,1,0,0,0
43,0,29.89625060004989,106.0,101.66666666666669,71.66666666666667,0,0,2.0,2.0,0,1,1,1,0,0
28,0,27.960264000160223,92.0,109.66666666666669,75.0,0,0,2.0,2.0,0,0,1,0,0,0
29,0,22.084269757859584,75.80000305,108.0,78.0,0,0,2.0,1.0,0,0,1,0,0,0
56,0,21.652822577835696,76.80000305,154.33333333333334,91.66666666666669,0,1,2.0,4.0,0,0,1,0,0,0
27,0,22.57481036385973,79.0,130.0,79.0,0,0,2.0,3.0,0,0,1,0,0,0
39,0,30.60789761476156,92.30000305,143.0,97.33333333333331,0,0,1.0,1.0,0,0,1,0,0,0
37,0,17.363787269260413,65.0,110.66666666666669,75.33333333333333,0,0,4.0,1.0,0,0,1,0,0,0
27,0,21.150040813022898,78.5,116.0,71.66666666666667,0,0,2.0,1.0,0,0,1,0,0,0
34,0,19.425011390301425,64.80000305,108.66666666666669,72.0,0,0,2.0,2.0,0,0,1,0,0,0
27,1,25.01034411867414,77.0,140.5,82.0,0,0,3.0,3.0,1,0,1,1,0,0
36,0,24.94223774580129,91.0,114.66666666666669,58.66666666666666,0,0,2.0,3.0,0,1,1,0,0,0
42,0,23.13750848100145,82.5,141.33333333333334,97.33333333333331,0,0,1.0,1.0,0,0,1,0,0,0
43,0,27.51848886008092,96.5,147.0,84.0,0,0,1.0,1.0,0,1,1,0,0,0
37,0,35.16261484778711,98.0,163.0,104.0,0,0,2.0,1.0,0,0,1,0,0,0
38,0,25.363322854671285,86.0,122.0,73.0,0,0,1.0,1.0,0,0,1,0,0,0
40,0,28.416411823068017,92.0,138.0,90.0,0,0,3.0,1.0,0,0,1,0,0,0
43,0,20.686483788718384,83.0,125.0,92.0,0,1,2.0,3.0,0,0,1,0,0,0
47,0,44.62319516961157,116.0,130.0,82.33333333333333,0,0,2.0,1.0,0,0,1,0,0,0
63,0,21.46184807711896,86.5,206.3333333333333,118.0,0,0,1.0,1.0,0,0,0,0,1,0
31,0,45.73427433120965,91.0,137.0,90.33333333333331,0,0,2.0,2.0,0,0,1,0,0,0
29,0,26.367478260429746,89.0,120.0,76.0,0,0,3.0,1.0,0,1,1,0,0,0
32,1,21.09775516519083,75.5,121.66666666666669,82.33333333333333,0,0,1.0,1.0,0,0,1,0,0,0
25,0,29.48096780276817,90.5,119.0,72.66666666666667,0,0,3.0,2.0,0,0,1,0,0,0
47,0,24.359795975983253,79.0,104.33333333333331,65.0,0,0,1.0,1.0,0,0,1,0,0,0
37,0,29.67848239136147,110.1999969,140.0,98.33333333333331,0,1,2.0,1.0,0,1,1,0,0,0
64,1,20.92133888865047,82.0,136.0,73.33333333333333,1,1,1.0,1.0,0,0,1,0,0,0
36,0,19.04291102997024,70.0,110.66666666666669,79.66666666666667,0,0,2.0,2.0,0,1,1,0,0,0
31,1,17.558924559221246,75.09999847,127.0,79.0,0,0,1.0,1.0,0,1,1,1,0,0
26,0,21.960847221106928,76.5,139.0,87.33333333333333,0,1,1.0,1.0,0,0,0,0,0,0
40,0,24.3818145013144,87.5,123.0,69.66666666666667,0,1,1.0,1.0,0,0,1,0,0,0
35,0,24.02622945278481,88.0,125.0,88.66666666666667,0,1,1.0,2.0,1,0,1,0,0,0
33,0,24.1457286944032,91.0,106.33333333333331,71.66666666666667,0,1,2.0,2.0,1,0,1,0,0,0
43,0,20.348499334122376,75.0,120.0,78.66666666666667,0,0,1.0,1.0,0,0,1,0,0,0
37,1,21.01627016722624,91.0,131.66666666666666,86.66666666666667,1,1,1.0,1.0,0,0,1,0,0,0
45,0,19.2507007376634,87.0,116.0,70.0,0,0,1.0,2.0,0,0,1,0,0,0
45,0,30.191672876697893,98.5,144.33333333333334,83.66666666666667,0,0,1.0,2.0,0,0,1,0,0,0
29,0,23.369171695153845,79.5,121.0,79.33333333333333,0,0,2.0,2.0,0,0,1,0,0,0
32,0,26.13665390346293,96.0,117.0,80.33333333333333,0,1,1.0,2.0,0,0,1,0,0,0
55,0,27.694761743983825,87.5,129.0,84.0,0,1,1.0,1.0,0,0,1,0,0,0
36,0,16.93353515430958,73.0,91.0,58.0,0,1,1.0,2.0,0,0,1,0,0,0
37,1,22.502418298430136,86.0,120.33333333333331,72.66666666666667,0,0,1.0,2.0,1,0,1,0,0,0
35,1,22.107698303436777,74.0,127.0,75.0,0,1,1.0,2.0,1,0,1,0,0,0
27,1,25.43083624164705,78.0,139.33333333333334,64.0,0,1,1.0,1.0,1,0,1,0,0,0
57,0,21.88367982493056,81.5,167.33333333333334,105.0,0,1,2.0,2.0,1,0,1,0,0,0
25,0,22.908440191845774,91.0,122.0,77.0,0,0,2.0,1.0,0,0,1,0,0,0
27,0,21.64487744100605,69.0,109.33333333333331,71.33333333333333,0,0,1.0,1.0,0,0,1,0,0,0
26,0,20.511486928834007,73.0,107.33333333333331,75.33333333333333,0,1,2.0,2.0,0,0,1,0,0,0
31,1,25.44701014046969,83.0,137.0,56.66666666666666,0,0,2.0,0.0,0,1,1,0,0,0
49,1,27.37569552990992,95.0,204.3333333333333,97.33333333333331,0,0,1.0,4.0,0,0,1,0,0,1
40,1,28.21188921990444,90.0,163.66666666666666,90.66666666666669,0,0,0.0,8.0,0,1,0,0,0,0
46,0,27.160186429619014,86.0,137.0,83.33333333333333,0,0,0.0,0.0,0,0,0,0,0,0
38,0,29.47845696924604,94.0,116.66666666666669,66.33333333333333,0,0,2.0,7.0,0,1,0,0,0,0
54,0,29.587626626294195,99.0,131.66666666666666,77.66666666666667,0,0,0.0,2.0,0,0,0,0,0,0
29,0,32.6046162507037,98.5,129.0,84.33333333333333,0,0,2.0,0.0,0,1,0,0,0,0
62,0,27.21827895630324,94.0,134.33333333333334,84.0,0,0,1.0,0.0,0,0,1,0,0,0
43,0,48.20978583098661,137.0,134.33333333333334,97.66666666666669,0,1,3.0,4.0,0,0,1,0,0,0
34,0,27.793204550346697,74.5,135.66666666666666,83.0,0,0,2.0,2.0,1,0,0,0,0,0
28,1,22.35144253806171,80.0,146.66666666666666,95.0,0,0,3.0,2.0,0,0,0,1,0,0
44,0,35.6530006737827,98.5,164.33333333333334,101.66666666666669,0,1,0.0,2.0,0,0,0,0,0,1
33,1,22.456626417474137,78.5,125.0,83.33333333333333,0,0,2.0,3.0,1,0,1,0,0,0
43,0,21.5248194861486,77.5,122.33333333333331,84.66666666666667,0,0,0.0,2.0,1,0,0,0,0,0
36,0,17.862637688335038,71.0,137.0,77.5,0,0,0.0,2.0,0,1,0,0,0,0
25,0,24.194945260560942,77.0,120.0,74.33333333333333,0,0,0.0,2.0,0,1,1,0,0,0
62,0,29.71501574597432,100.5,135.66666666666666,91.66666666666669,0,1,0.0,2.0,0,1,1,0,0,0
39,0,24.29500622558706,88.5,156.33333333333334,104.66666666666669,0,0,0.0,2.0,0,0,1,0,0,0
28,1,26.058289090007108,93.0,135.0,72.33333333333333,0,0,4.0,1.0,0,0,1,0,0,0
61,0,29.82325336608044,94.19999695,188.66666666666663,89.0,0,0,1.0,2.0,0,1,0,0,0,0
50,1,30.26184145341268,101.0,183.0,108.66666666666669,0,1,3.0,2.0,0,0,0,0,0,0
42,0,43.73377286818649,127.1999969,143.0,97.0,0,0,4.0,3.0,0,1,1,0,0,0
36,0,27.938723093512262,90.5,122.66666666666669,82.33333333333333,0,1,1.0,2.0,0,0,1,0,0,0
25,1,20.62283684083045,70.40000153,127.0,65.66666666666667,0,0,2.0,2.0,0,1,1,0,1,0
41,0,31.743231029826383,116.0,152.66666666666666,96.33333333333331,0,1,1.0,1.0,0,1,1,0,0,0
43,0,35.87404236909211,102.0,131.66666666666666,93.66666666666669,0,0,2.0,3.0,0,0,1,0,0,0
35,0,33.31130788357977,95.5,121.33333333333331,84.0,0,0,1.0,2.0,0,0,1,0,0,0
56,0,21.772113970440007,83.0,117.33333333333331,73.0,0,0,2.0,4.0,0,0,0,0,1,0
43,0,31.7372441806791,94.40000153,137.66666666666666,82.66666666666667,0,0,2.0,1.0,0,1,0,0,0,0
25,0,44.19918585768489,122.5,117.33333333333331,89.0,0,0,3.0,3.0,0,0,1,0,0,0
58,0,47.91252055794393,126.5,170.66666666666666,100.33333333333331,0,0,0.0,0.0,0,0,0,0,0,0
35,0,21.47793795460276,92.0,127.0,92.0,0,0,0.0,2.0,0,0,0,0,0,1
45,1,22.69884108610993,89.5,170.66666666666666,103.33333333333331,0,1,0.0,0.0,0,1,1,0,0,0
56,0,21.186435680137382,98.5,125.0,79.66666666666667,0,1,2.0,3.0,0,0,0,0,0,0
48,0,21.21876575271045,91.0,135.0,63.66666666666666,0,0,0.0,0.0,0,0,0,0,1,1
49,0,17.65765760690842,72.0,154.0,87.33333333333333,0,0,2.0,1.0,0,0,0,0,1,0
50,0,33.63741597802014,108.1999969,161.0,85.0,0,0,2.0,2.0,0,1,0,0,1,0
58,1,24.14069323306185,81.0,141.66666666666666,89.33333333333333,0,0,2.0,1.0,0,0,1,1,0,0
33,1,31.83266128417728,85.0,160.33333333333334,81.0,0,0,2.0,2.0,0,1,1,0,0,0
40,1,24.498047011228685,80.0,124.66666666666669,68.33333333333333,0,1,1.0,2.0,0,0,1,0,1,0
61,1,24.32229325676272,87.19999695,199.0,118.33333333333331,0,1,1.0,1.0,0,0,0,0,1,0
44,1,29.54813211584372,101.5,128.66666666666666,82.0,0,0,3.0,2.0,0,0,0,0,0,0
27,0,15.0962340920682,72.0,127.66666666666669,88.0,0,0,1.0,1.0,0,0,1,0,0,0
27,0,19.599297863116814,70.40000153,130.66666666666666,78.0,0,0,1.0,2.0,1,0,1,0,0,0
31,0,20.571739840778736,91.0,129.66666666666666,79.33333333333333,0,0,2.0,3.0,1,0,1,0,0,0
52,0,27.90070306076256,96.0,121.66666666666669,83.33333333333333,0,0,1.0,2.0,0,1,0,0,0,0
41,1,17.856171285478148,76.19999695,129.66666666666666,73.0,0,0,1.0,3.0,0,0,1,0,0,0
62,0,63.4568862063306,91.0,130.0,82.33333333333333,0,0,1.0,1.0,0,0,0,0,0,1
40,0,36.90687638188019,104.0,139.66666666666666,93.66666666666669,0,0,1.0,2.0,1,0,1,0,0,0
32,0,24.05896337076248,78.5,143.0,86.33333333333333,0,0,2.0,2.0,0,1,1,1,0,0
57,0,26.465862518757888,100.0,128.0,86.33333333333333,0,0,1.0,2.0,1,0,0,0,1,0
25,1,22.41522502250981,79.5,115.0,62.333333333333336,0,1,3.0,1.0,0,1,1,0,0,0
29,1,22.71737497096821,79.0,140.66666666666666,68.0,0,1,2.0,2.0,0,0,1,0,0,0
40,0,29.882865179817856,107.5,146.66666666666666,110.33333333333331,0,0,3.0,2.0,0,0,1,0,0,0
36,0,19.827547145094428,77.0,135.33333333333334,88.66666666666667,0,1,3.0,2.0,0,0,0,1,0,0
49,0,30.52492510394957,102.5,114.33333333333331,89.33333333333333,0,1,7.0,1.0,0,0,1,0,1,0
38,0,36.877764424520265,107.0,160.33333333333334,97.0,0,1,2.0,3.0,0,0,0,1,0,0
27,0,25.143994444157904,78.5,134.33333333333334,86.66666666666667,0,0,0.0,2.0,0,0,1,0,1,0
51,0,30.22754426308745,101.0,129.0,81.66666666666667,0,1,1.0,2.0,0,0,1,0,0,0
29,0,30.84287137148803,92.5,135.66666666666666,93.66666666666669,0,0,0.0,2.0,0,1,1,0,0,0
54,0,30.644496325770945,95.0,149.0,97.33333333333331,0,0,2.0,2.0,0,0,0,0,0,0
33,1,26.241163622503244,89.5,147.5,94.5,0,1,3.0,1.0,0,0,1,0,1,0
28,0,21.98117546319884,80.0,120.33333333333331,71.66666666666667,0,1,1.0,2.0,0,0,1,0,1,0
28,0,24.96787900809148,82.5,115.66666666666669,77.66666666666667,0,0,1.0,0.0,1,0,1,0,1,0
26,0,26.180209242763645,82.40000153,125.33333333333331,82.66666666666667,0,0,2.0,2.0,0,0,1,0,1,0
40,0,22.3738933469407,78.0,139.0,92.66666666666669,0,0,7.0,3.0,0,0,1,0,0,0
31,0,37.64921946740129,112.0,126.0,92.0,0,0,2.0,3.0,0,0,1,0,0,0
36,0,24.70194045057249,86.0,129.0,82.33333333333333,0,1,2.0,2.0,0,0,0,0,0,0
41,0,17.469165780027446,64.30000305,133.0,76.66666666666667,0,0,3.0,2.0,0,1,0,0,0,0
32,0,22.832879346258608,91.0,122.0,69.66666666666667,0,0,4.0,2.0,0,0,1,0,1,0
50,0,21.057944152939843,80.5,116.33333333333331,67.66666666666667,0,0,0.0,4.0,0,0,1,0,1,0
44,0,32.32478079905885,109.0,154.0,98.66666666666669,0,1,3.0,3.0,1,0,1,0,1,0
32,0,22.864685525179297,74.40000153,139.5,80.0,0,0,0.0,2.0,0,0,1,0,1,0
33,0,20.67088399682295,73.59999847,128.66666666666666,85.33333333333333,0,0,1.0,1.0,0,1,1,0,1,0
49,0,19.28002773742645,70.0,149.0,85.0,0,0,2.0,2.0,0,0,1,0,1,0
33,0,34.49561300885832,104.8000031,184.66666666666663,116.33333333333331,0,0,6.0,3.0,0,0,1,0,1,0
29,0,24.30834137493145,88.69999695,109.33333333333331,70.66666666666667,0,0,0.0,2.0,0,1,1,0,0,0
29,0,28.696653834146243,80.5,159.66666666666666,96.0,0,0,1.0,1.0,0,0,1,0,0,0
29,0,19.885828415168497,72.5,123.0,85.0,0,0,0.0,2.0,0,1,1,1,0,0
35,0,32.631308085927266,91.0,130.66666666666666,89.33333333333333,0,0,0.0,2.0,0,0,1,0,0,0
25,1,20.429002314702306,72.19999695,138.66666666666666,81.33333333333333,0,0,2.0,3.0,0,0,1,0,0,0
28,1,24.74820143615515,71.0,131.33333333333334,83.0,0,0,1.0,0.0,0,0,1,1,0,0
55,0,28.82646124752541,86.5,118.33333333333331,78.33333333333333,0,0,0.0,2.0,0,0,1,0,0,0
62,0,33.37865894159622,112.0,152.0,76.66666666666667,0,1,1.0,1.0,0,1,1,0,0,0
29,0,22.13633383411783,90.5,111.66666666666669,69.33333333333333,0,0,2.0,1.0,0,0,1,0,0,0
58,0,34.937863148624785,113.5,162.33333333333334,83.0,0,0,1.0,2.0,0,0,1,0,0,1
45,0,44.21258781108121,131.5,143.33333333333334,84.66666666666667,0,0,0.0,2.0,0,0,1,0,0,0
46,0,29.79669348847216,88.5,77.66666666666667,52.0,0,1,3.0,0.0,0,0,0,0,0,0
28,0,28.7652481905261,92.19999695,114.33333333333331,78.33333333333333,0,0,2.0,3.0,0,1,1,0,1,0
39,0,27.75503944330901,89.59999847,144.33333333333334,99.0,0,0,2.0,3.0,0,0,1,0,1,0
38,0,33.5466743065644,114.3000031,116.0,81.0,0,0,3.0,3.0,0,0,1,0,1,0
39,0,28.5174233768902,75.0,145.0,98.66666666666669,0,1,1.0,1.0,0,0,1,0,0,0
48,0,24.90134203311992,92.19999695,99.33333333333331,67.33333333333333,0,1,2.0,3.0,0,1,1,0,0,0
28,0,18.818925105632943,68.0,116.66666666666669,74.0,0,1,0.0,1.0,0,0,1,0,0,0
48,0,23.523458450289283,78.5,136.33333333333334,95.33333333333331,0,0,0.0,2.0,0,0,1,0,0,0
41,0,23.644306235180363,90.0,115.0,73.0,0,0,4.0,2.0,0,0,1,0,1,0
32,0,21.56189524538036,81.0,109.66666666666669,70.0,0,1,0.0,1.0,0,0,1,0,0,0
49,1,27.982993284721072,98.0,120.66666666666669,76.66666666666667,0,0,1.0,1.0,0,0,1,0,1,0
30,0,36.86258037674486,117.0,112.33333333333331,69.33333333333333,0,1,0.0,2.0,0,0,1,0,0,0
56,1,17.030409842104383,76.19999695,125.66666666666669,85.66666666666667,0,1,3.0,2.0,0,0,1,0,0,0
52,0,27.322994234759665,97.0,142.33333333333334,82.66666666666667,0,0,2.0,2.0,0,0,1,0,0,0
53,0,37.71814834933134,115.5,138.33333333333334,92.66666666666669,0,0,2.0,1.0,0,0,0,0,0,0
26,0,22.41869576220929,91.0,104.66666666666669,58.333333333333336,0,0,2.0,1.0,0,0,1,0,0,0
40,0,23.08161060467184,89.5,137.66666666666666,91.33333333333331,0,1,0.0,1.0,0,0,1,1,0,0
32,0,20.75416413921957,75.0,109.66666666666669,69.0,0,1,0.0,2.0,0,0,0,0,0,0
39,0,17.31073110427187,74.0,118.0,78.33333333333333,1,1,2.0,1.0,0,0,1,0,1,0
26,1,22.572174824309755,74.0,134.0,70.66666666666667,0,0,1.0,0.0,0,0,1,0,0,0
44,0,21.77794921746438,87.0,141.33333333333334,89.66666666666667,0,1,1.0,2.0,0,0,1,0,0,0
33,1,21.03785787391127,70.0,139.0,82.0,0,0,1.0,2.0,0,0,1,1,0,0
30,0,23.30433174353988,91.0,132.33333333333334,72.66666666666667,0,0,0.0,2.0,0,0,1,0,0,0
45,0,24.716959395062894,82.0,161.66666666666666,96.66666666666669,0,0,2.0,2.0,0,0,0,0,0,0
60,1,21.57073556810551,89.19999695,135.66666666666666,71.33333333333333,0,0,2.0,2.0,0,0,1,0,0,0
29,0,18.335138132616635,70.5,114.0,76.33333333333333,0,1,2.0,2.0,0,0,1,0,0,0
36,0,31.094526755989964,97.0,109.66666666666669,71.33333333333333,0,1,2.0,2.0,0,1,0,0,0,0
53,0,23.069128529768435,93.5,139.0,85.66666666666667,0,0,2.0,2.0,0,0,1,0,0,0
39,0,34.99085477355776,113.0,129.0,86.33333333333333,0,0,3.0,1.0,0,0,1,0,0,0
52,0,30.674800577677075,101.0,122.0,78.33333333333333,0,0,2.0,2.0,0,1,1,0,0,0
60,1,18.77862955445639,85.0,126.0,74.33333333333333,0,0,1.0,1.0,1,1,1,1,1,0
27,0,28.43233472156417,127.1999969,121.0,76.66666666666667,0,1,1.0,1.0,1,1,1,0,0,0
31,1,19.707919826660813,82.40000153,103.0,66.66666666666667,0,0,2.0,2.0,0,0,0,1,1,0
32,1,26.058289090007108,83.80000305,121.66666666666669,69.33333333333333,0,0,2.0,2.0,0,0,1,1,1,1
46,0,26.2641958322066,97.0,122.33333333333331,79.66666666666667,0,1,1.0,1.0,1,1,1,0,0,0
52,0,27.661603981572465,96.30000305,160.5,84.5,0,0,2.0,1.0,0,0,1,0,0,0
40,0,23.186025109688284,120.3000031,149.33333333333334,94.0,0,0,2.0,1.0,0,0,0,0,0,0
44,0,25.997082794219963,104.4000015,180.66666666666663,96.66666666666669,0,0,2.0,2.0,0,0,1,0,0,1
60,0,27.63603900673897,128.3000031,117.33333333333331,90.33333333333331,0,0,2.0,2.0,0,0,0,0,0,1
30,0,25.92374493355404,105.5,139.66666666666666,97.0,0,1,2.0,1.0,0,0,1,0,0,0
47,0,26.624500775678865,119.0,142.66666666666666,110.0,0,1,2.0,1.0,0,0,0,0,0,0
37,0,32.59364800838574,107.0,118.66666666666669,98.66666666666669,0,0,2.0,2.0,0,0,1,0,0,0
45,1,32.407048079522376,110.1999969,150.0,80.0,1,1,1.0,1.0,1,1,1,1,1,0
45,0,24.27026004767073,88.40000153,106.33333333333331,70.66666666666667,0,0,1.0,2.0,0,0,1,0,0,0
60,0,32.399727995899454,107.1999969,179.66666666666666,102.0,0,1,1.0,1.0,0,0,1,0,0,0
44,0,30.121209453487733,103.4000015,166.66666666666666,75.0,0,0,2.0,2.0,0,0,1,0,0,0
32,0,22.607454308286783,79.0,90.33333333333331,56.66666666666666,0,0,2.0,1.0,0,0,0,0,0,0
34,1,23.59530671569856,84.30000305,123.0,89.0,0,0,1.0,1.0,0,0,1,0,0,0
53,0,26.058289090007108,104.3000031,115.66666666666669,70.66666666666667,0,0,2.0,2.0,0,1,1,0,0,0
49,0,64.81668405869773,105.3000031,129.33333333333334,80.33333333333333,0,0,1.0,2.0,0,0,0,0,0,0
39,0,50.31304467534798,100.1999969,133.0,78.33333333333333,0,1,2.0,0.0,0,0,0,0,0,0
64,0,56.98968769302488,87.30000305,128.66666666666666,55.66666666666666,0,0,2.0,1.0,0,0,0,0,0,0
41,0,26.058289090007108,112.3000031,110.66666666666669,82.0,0,0,1.0,1.0,1,1,1,0,0,1
30,0,16.507156344115614,67.0,102.66666666666669,67.66666666666667,0,0,2.0,1.0,0,0,1,0,0,0
32,0,29.296738337529483,99.0,103.66666666666669,67.33333333333333,0,0,1.0,1.0,0,0,1,0,0,0
35,1,17.9965692832884,70.0,105.33333333333331,68.66666666666667,0,1,2.0,2.0,0,0,1,0,0,0
25,0,30.266165008688223,117.0,115.0,72.66666666666667,0,1,2.0,2.0,0,0,1,0,1,0
29,1,30.60609713174456,93.30000305,128.33333333333334,86.66666666666667,0,1,0.0,1.0,1,0,1,0,0,0
47,1,20.17609311085846,88.0,117.33333333333331,76.0,0,1,0.0,0.0,0,0,1,0,0,1
26,0,19.047038103232502,87.19999695,101.33333333333331,62.66666666666666,0,1,1.0,1.0,0,0,1,1,0,0
35,1,16.22843472932778,79.30000305,142.0,101.66666666666669,0,1,2.0,1.0,0,0,1,1,1,0
56,1,20.18942333352056,80.0,134.33333333333334,90.66666666666669,0,0,2.0,2.0,0,0,1,0,0,0
48,0,25.98689107986587,86.0,149.66666666666666,82.0,0,1,2.0,2.0,0,0,1,0,0,0
39,0,25.838291823922194,99.30000305,207.0,125.66666666666669,0,1,2.0,2.0,0,0,1,0,0,0
45,0,25.485694218501333,87.0,123.0,79.66666666666667,0,1,0.0,0.0,0,0,1,0,0,0
46,0,29.54708101902953,106.1999969,187.3333333333333,122.66666666666669,0,1,2.0,2.0,0,0,1,0,0,0
28,0,29.971176400957567,96.0,106.33333333333331,77.66666666666667,0,1,2.0,2.0,0,0,1,0,0,0
30,1,23.320514895065983,91.0,120.66666666666669,70.66666666666667,0,1,2.0,2.0,1,1,1,1,1,0
32,0,22.72235352241026,92.0,135.0,83.66666666666667,0,0,2.0,2.0,0,0,1,0,0,0
30,0,26.897032365887533,109.0,111.0,75.33333333333333,0,0,2.0,2.0,0,0,1,0,0,0
29,0,23.97372960905112,91.0,97.66666666666669,57.66666666666666,0,0,1.0,2.0,0,0,1,0,0,0
32,0,23.564848149159545,91.0,95.66666666666669,64.66666666666667,0,1,1.0,2.0,0,0,0,0,0,0
37,0,46.60210226339902,113.0,130.0,91.66666666666669,0,1,2.0,2.0,0,0,1,0,0,0
56,0,33.142009967753445,104.6999969,152.66666666666666,90.33333333333331,0,1,2.0,2.0,0,0,1,0,0,0
44,0,30.5164528596791,110.3000031,102.33333333333331,81.33333333333333,0,0,1.0,2.0,1,1,1,0,0,0
54,0,26.19666052397781,85.69999695,160.33333333333334,112.33333333333331,0,1,0.0,2.0,0,0,1,0,0,0
54,0,26.058289090007108,103.4000015,140.33333333333334,89.33333333333333,0,1,2.0,1.0,0,0,1,0,0,1
64,0,33.55883562867272,103.1999969,130.0,75.0,0,0,1.0,1.0,0,0,1,0,0,0
52,0,28.866416877638187,95.30000305,130.66666666666666,83.66666666666667,0,0,2.0,2.0,0,0,1,0,0,0
30,0,39.29831689433287,80.19999695,90.33333333333331,53.333333333333336,0,0,0.0,0.0,0,0,1,0,0,0
31,0,46.14740341154498,94.0,115.66666666666669,76.0,0,0,2.0,2.0,0,0,1,0,0,0
25,0,22.45553363556211,98.19999695,113.0,76.0,0,0,1.0,1.0,0,0,1,0,0,0
25,0,19.648222345829744,73.0,108.0,65.66666666666667,0,0,1.0,2.0,1,1,1,0,0,0
37,0,30.74830891020094,99.19999695,117.33333333333331,89.0,0,0,0.0,0.0,0,0,1,0,0,0
36,0,20.79967979639708,91.0,111.33333333333331,62.333333333333336,0,0,2.0,2.0,0,0,1,0,0,0
32,0,33.98257599852071,101.1999969,94.33333333333331,65.33333333333333,0,0,2.0,2.0,0,0,1,0,0,0
32,0,21.88274413149463,84.19999695,108.66666666666669,73.0,0,0,2.0,2.0,0,0,1,1,1,0
29,1,24.878312084234725,88.0,127.33333333333331,67.0,0,0,2.0,1.0,0,0,1,1,1,0
43,0,46.06851990572927,120.3000031,116.33333333333331,82.0,0,1,1.0,1.0,0,0,1,0,0,0
40,0,45.34597787670337,136.0,217.66666666666663,118.0,0,1,2.0,2.0,0,0,0,0,0,0
25,0,23.88321109773209,82.0,113.66666666666669,76.66666666666667,0,0,1.0,1.0,0,0,1,0,0,0
36,0,29.140660128465672,105.1999969,115.0,68.0,0,0,1.0,2.0,0,0,1,0,0,0
37,0,43.65079557193248,96.0,130.0,85.33333333333333,0,0,2.0,2.0,0,0,1,0,0,1
26,0,27.597178594329595,102.0,109.66666666666669,70.0,0,0,0.0,1.0,1,1,1,0,0,0
25,0,24.00112990915811,79.19999695,111.0,63.0,0,0,1.0,2.0,0,0,1,0,0,0
47,0,23.97372960905112,92.0,134.0,89.33333333333333,0,1,1.0,1.0,0,0,1,0,0,0
27,0,17.307134600248222,77.19999695,111.33333333333331,76.33333333333333,0,1,0.0,0.0,0,0,1,0,0,0
35,0,26.396255255063387,91.0,103.0,70.33333333333333,0,0,1.0,1.0,0,0,1,0,0,0
29,0,20.8950445515395,90.0,117.33333333333331,67.0,0,0,1.0,0.0,0,0,1,0,0,0
61,1,30.12082189517067,100.1999969,157.66666666666666,90.33333333333331,0,0,2.0,1.0,0,0,1,0,0,0
62,0,34.9789136523071,108.4000015,174.0,94.33333333333331,0,0,2.0,1.0,0,0,1,0,0,0
29,0,31.00488780776231,97.0,142.0,95.0,0,0,2.0,2.0,0,0,1,0,0,0
32,0,34.698718427599,91.0,108.33333333333331,71.66666666666667,0,0,2.0,1.0,0,0,1,0,0,0
56,0,25.687784840703465,91.0,157.66666666666666,89.66666666666667,0,0,2.0,2.0,0,0,1,0,0,0
25,1,19.06938825469388,73.0,114.33333333333331,70.33333333333333,1,1,1.0,2.0,0,0,1,0,0,0
38,0,20.502088312361373,83.0,103.66666666666669,73.0,0,1,2.0,2.0,0,0,1,0,0,0
52,0,28.52156167568067,87.0,160.66666666666666,93.66666666666669,0,1,2.0,2.0,0,0,1,0,0,0
42,0,25.640569557200585,86.0,106.33333333333331,67.0,0,0,2.0,2.0,0,0,1,0,0,0
28,1,22.35780207135149,83.0,116.0,74.33333333333333,0,1,2.0,1.0,1,1,1,1,1,0
32,0,34.05689847644069,109.0,126.33333333333331,94.66666666666669,0,1,2.0,2.0,0,0,1,0,0,0
43,0,27.678675392640454,86.0,147.66666666666666,104.66666666666669,0,0,3.0,2.0,0,1,1,0,0,0
32,1,17.2844228474054,69.5,117.66666666666669,66.33333333333333,0,1,2.0,1.0,0,0,1,1,0,0
32,0,26.9838694068287,95.0,126.33333333333331,79.0,0,0,1.0,1.0,0,0,1,0,0,0
59,1,17.208692821968935,78.0,137.33333333333334,88.33333333333333,0,1,1.0,1.0,0,0,1,0,0,0
42,0,21.84465433951509,99.0,114.0,82.0,0,1,2.0,1.0,0,0,1,0,0,0
55,0,24.32656936038922,92.0,187.0,91.66666666666669,0,0,1.0,1.0,1,1,1,0,0,0
64,0,28.58162099291144,110.0,153.33333333333334,86.33333333333333,0,0,2.0,1.0,0,0,0,0,0,0
52,1,18.51136480949064,74.0,93.0,52.0,0,1,2.0,2.0,0,0,1,0,0,0
31,1,21.29929730646923,82.0,130.33333333333334,83.33333333333333,0,1,2.0,2.0,1,1,1,0,0,0
31,1,23.27372037396585,84.0,139.66666666666666,72.66666666666667,0,0,2.0,1.0,1,1,1,0,0,0
34,0,29.2105222471666,106.8000031,135.0,98.66666666666669,0,0,3.0,2.0,0,0,1,0,0,0
37,0,30.07517230514601,107.1999969,107.66666666666669,73.33333333333333,0,1,2.0,1.0,0,0,1,0,0,0
28,0,36.54119102885524,114.0,105.0,73.33333333333333,0,0,2.0,2.0,0,0,1,0,0,0
56,1,25.8860344212669,81.19999695,118.33333333333331,83.66666666666667,0,0,2.0,2.0,0,0,1,0,0,0
39,0,28.36551900629351,93.0,139.33333333333334,85.66666666666667,0,0,4.0,3.0,0,1,1,0,0,0
25,1,22.56602487766703,72.5,146.66666666666666,63.333333333333336,0,1,3.0,2.0,1,0,1,0,0,0
44,0,24.68229511580133,83.0,136.0,87.33333333333333,0,0,1.0,3.0,1,0,1,0,0,0
58,0,40.6071274786316,96.0,189.66666666666663,123.33333333333331,0,0,3.0,2.0,0,0,1,0,0,1
58,1,17.682177050208328,73.0,164.33333333333334,100.66666666666669,1,1,2.0,3.0,0,0,1,0,0,0
37,0,30.09284537412056,92.0,132.66666666666666,88.66666666666667,0,0,1.0,2.0,0,0,1,0,0,0
64,0,28.56099701002069,93.0,110.66666666666669,68.0,0,0,2.0,2.0,0,1,1,0,0,0
34,0,31.61654110500333,102.0,128.33333333333334,81.33333333333333,0,1,3.0,2.0,0,0,1,0,0,0
32,0,24.54619924007104,80.0,123.66666666666669,81.0,0,0,2.0,2.0,0,1,1,0,0,0
27,0,28.70244271101033,84.0,164.0,122.33333333333331,0,0,2.0,2.0,1,0,1,0,0,0
56,0,28.658923060198745,97.0,154.33333333333334,73.66666666666667,0,0,2.0,3.0,0,0,1,0,0,0
49,0,27.21941824975433,88.0,142.66666666666666,88.33333333333333,0,0,2.0,3.0,0,0,1,0,0,0
35,0,18.208908590248527,69.0,105.0,71.33333333333333,0,1,2.0,4.0,0,1,1,0,0,1
55,0,21.40125528969445,86.5,157.33333333333334,103.0,0,1,0.0,4.0,0,1,1,0,0,0
40,0,66.83005139975492,85.0,123.0,68.33333333333333,0,0,3.0,3.0,1,0,1,0,0,0
54,0,28.93364455616942,102.0,139.0,75.66666666666667,0,0,0.0,2.0,0,1,1,0,0,1
44,0,26.53806207944683,104.0,135.66666666666666,90.0,0,0,2.0,4.0,0,1,1,0,0,0
51,0,39.89933465107044,112.5,177.66666666666666,113.66666666666669,0,0,2.0,3.0,0,1,1,0,0,0
56,0,33.60033988156195,102.0,153.0,102.66666666666669,0,0,2.0,2.0,0,1,1,0,0,0
35,0,29.090907970615245,59.0,158.33333333333334,93.0,0,0,1.0,3.0,1,0,1,0,0,0
46,1,24.128400818452384,90.5,151.33333333333334,104.66666666666669,0,0,2.0,1.0,0,0,1,0,0,0
38,0,34.78890529263831,91.0,116.0,67.66666666666667,0,1,2.0,2.0,0,1,1,0,0,0
35,1,26.99277543955426,89.0,148.66666666666666,83.33333333333333,0,1,4.0,4.0,1,0,1,0,0,0
31,0,25.43037836239236,98.0,121.66666666666669,70.33333333333333,0,1,0.0,2.0,0,1,1,1,0,0
34,0,25.6227920459286,94.0,141.33333333333334,81.0,0,0,2.0,3.0,0,1,1,1,0,0
56,0,61.234687049048695,104.0,166.66666666666666,103.0,0,1,5.0,2.0,0,0,1,0,0,1
60,0,20.96370010441904,100.0,119.33333333333331,84.0,0,0,2.0,2.0,0,0,1,0,0,0
42,0,16.975894366691016,83.0,127.33333333333331,84.33333333333333,0,0,2.0,2.0,0,1,1,0,0,0
45,0,10.0009998559612,82.0,132.66666666666666,91.66666666666669,0,1,2.0,2.0,0,0,1,0,0,0
39,1,27.961724808741494,66.0,137.33333333333334,79.33333333333333,0,0,4.0,3.0,0,1,1,0,0,0
63,1,25.330703558331606,97.0,149.0,90.33333333333331,0,0,2.0,3.0,1,0,1,0,0,0
27,0,21.429520085198625,71.0,112.0,73.66666666666667,0,1,2.0,4.0,0,1,1,0,0,0
32,0,27.80285099605294,97.0,132.0,70.0,0,1,2.0,1.0,0,1,1,0,0,0
30,0,26.05297438124186,96.0,186.0,122.33333333333331,0,1,3.0,3.0,0,0,1,0,0,0
46,0,33.48693280107707,120.0,160.0,109.33333333333331,0,0,4.0,2.0,0,1,1,0,0,0
38,0,33.00321965940608,94.0,136.33333333333334,90.0,0,0,5.0,3.0,0,1,1,0,0,0
46,1,26.536401799352323,97.0,231.0,114.66666666666669,0,1,1.0,3.0,0,1,1,0,0,0
32,0,17.94990893602436,82.0,123.66666666666669,81.0,0,1,2.0,2.0,0,1,1,0,0,0
56,0,40.58040732386359,131.5,136.66666666666666,103.66666666666669,0,1,1.0,2.0,0,1,1,0,0,0
37,0,26.104713440881955,91.5,181.3333333333333,99.0,0,0,2.0,3.0,0,1,1,0,1,0
52,1,17.583813221186272,80.19999695,108.0,71.66666666666667,1,1,4.0,5.0,0,1,1,1,0,0
38,0,19.06075127403613,106.0,124.33333333333331,85.33333333333333,0,0,3.0,4.0,0,1,1,0,0,0
28,0,19.61961629008419,95.0,122.66666666666669,91.0,0,0,0.0,2.0,0,1,1,0,0,0
59,1,24.032447621522536,91.19999695,136.0,74.0,0,0,4.0,4.0,0,1,1,1,0,0
51,0,29.011445140478664,99.5,115.66666666666669,76.66666666666667,0,0,4.0,2.0,0,1,1,0,0,0
64,1,24.958627953075283,90.0,176.0,103.33333333333331,0,1,2.0,2.0,0,0,1,0,1,0
49,1,23.841639778366847,97.5,150.33333333333334,94.0,0,0,2.0,3.0,0,1,1,0,1,0
25,0,18.043805442914167,84.19999695,125.66666666666669,81.0,0,0,3.0,3.0,0,0,1,0,0,0
26,0,24.25867407194612,92.0,127.66666666666669,101.66666666666669,0,0,2.0,2.0,0,1,1,0,0,0
35,0,25.26871587116442,103.1999969,127.0,84.0,0,1,2.0,2.0,0,1,1,0,0,0
45,0,21.70127340816312,86.0,135.66666666666666,90.0,0,0,10.0,3.0,0,1,1,0,0,0
34,0,24.888582172060843,97.5,121.0,87.33333333333333,0,1,3.0,2.0,0,1,1,0,0,0
56,0,31.7051227487104,110.5,114.66666666666669,80.33333333333333,0,1,10.0,3.0,0,1,1,0,1,0
30,0,33.44480180936834,95.0,123.66666666666669,79.66666666666667,0,0,6.0,4.0,0,1,1,0,0,0
29,0,27.50762195166207,94.0,105.33333333333331,88.66666666666667,0,0,2.0,3.0,0,1,1,0,0,0
44,0,35.2956935461028,126.1999969,210.3333333333333,113.66666666666669,0,1,2.0,2.0,0,1,1,0,0,0
50,0,31.64647972906258,101.0,132.33333333333334,71.66666666666667,0,1,2.0,2.0,0,1,1,0,0,0
47,0,37.506125625658136,110.0,176.0,86.33333333333333,0,1,2.0,2.0,0,1,1,0,0,0
41,0,17.554686649647277,84.5,134.0,88.33333333333333,0,0,2.0,2.0,0,1,1,0,0,0
48,0,25.985269569086142,91.0,187.66666666666663,103.0,0,0,2.0,3.0,0,1,1,0,0,0
28,0,22.20225016441586,82.0,111.33333333333331,68.33333333333333,0,0,2.0,5.0,0,0,1,0,0,0
46,0,46.66121356335516,118.0,144.0,94.0,0,0,2.0,3.0,0,1,1,0,0,0
26,0,20.39892490276328,82.09999847,125.66666666666669,74.0,0,0,2.0,2.0,0,1,1,0,0,0
29,1,28.928434958887152,93.5,148.0,83.33333333333333,0,0,3.0,2.0,0,1,1,0,0,0
32,0,35.07800794882876,113.1999969,147.33333333333334,81.0,0,0,2.0,2.0,0,0,1,0,0,0
27,0,23.507805325987142,78.0,105.66666666666669,68.5,0,0,2.0,3.0,0,1,1,0,0,0
29,0,25.33654970974764,94.0,127.0,78.33333333333333,0,0,1.0,4.0,0,1,1,1,0,0
47,0,13.730617707227276,65.0,110.0,82.0,0,0,2.0,2.0,0,0,1,0,0,0
35,0,30.78813170636852,105.0,143.66666666666666,107.33333333333331,0,1,2.0,2.0,0,1,1,0,0,0
29,0,22.610445231120025,79.19999695,122.0,84.66666666666667,0,0,3.0,2.0,0,1,1,0,1,0
44,0,31.09289526007884,116.0,133.33333333333334,80.66666666666667,0,0,2.0,2.0,0,1,1,0,0,0
26,0,23.305717740618867,79.0,120.33333333333331,70.33333333333333,0,0,2.0,2.0,0,1,1,0,0,0
37,0,26.67022664983429,88.5,148.66666666666666,87.66666666666667,0,0,0.0,6.0,0,1,1,0,0,0
62,0,31.60405313287774,115.0,185.5,103.0,0,0,2.0,3.0,0,1,0,0,0,0
64,0,30.480533702551487,106.0,184.66666666666663,106.33333333333331,0,0,2.0,2.0,0,1,1,0,0,0
34,0,39.92881627205003,120.0,152.0,91.0,0,0,2.0,3.0,0,1,1,0,1,0
30,0,30.01042671305936,95.5,135.66666666666666,88.0,0,0,0.0,1.0,0,0,1,0,0,0
27,0,25.42204129958628,91.5,133.0,92.0,0,1,0.0,2.0,0,1,1,0,0,0
39,0,22.771490948026976,88.19999695,110.66666666666669,72.0,0,1,5.0,2.0,0,1,1,0,0,0
46,0,30.04591480257117,101.0,161.66666666666666,98.33333333333331,0,1,3.0,3.0,0,1,1,0,1,0
61,1,24.062518964980868,86.0,127.33333333333331,74.0,0,0,4.0,2.0,0,1,1,1,0,0
64,0,22.22655377996917,93.19999695,151.33333333333334,99.0,0,0,2.0,2.0,0,1,1,0,0,0
25,0,22.764042124736044,91.0,117.66666666666669,66.66666666666667,0,0,2.0,2.0,0,0,1,0,0,0
30,0,27.058822076121,97.0,127.0,82.0,0,0,2.0,2.0,0,0,1,0,1,0
32,0,64.1025641025641,77.0,138.33333333333334,100.0,0,0,2.0,2.0,0,1,1,1,0,0
32,0,28.59631406953114,96.0,123.5,72.5,0,0,3.0,3.0,0,1,1,0,1,0
28,0,24.263154321031195,82.0,150.0,96.66666666666669,0,0,2.0,4.0,0,1,1,1,0,0
25,1,24.74820143615515,86.0,143.66666666666666,89.0,1,1,2.0,2.0,0,0,1,0,0,0
56,0,32.17087974263296,113.1999969,178.0,98.33333333333331,0,0,3.0,2.0,0,1,1,0,0,0
39,0,23.720366455291224,81.5,132.0,86.0,0,0,3.0,2.0,0,1,1,0,0,0
34,0,28.39041046777984,92.0,196.0,130.33333333333334,0,1,2.0,2.0,0,1,1,0,0,0
31,0,20.9722161487162,79.5,117.33333333333331,74.0,0,0,1.0,2.0,0,1,1,0,0,0
34,1,26.33263894525156,90.5,145.66666666666666,76.33333333333333,0,0,4.0,2.0,0,1,1,0,0,0
28,0,19.20229489785949,72.0,102.66666666666669,69.66666666666667,0,0,2.0,2.0,0,1,1,0,0,0
38,1,23.82672433141971,83.5,140.0,75.0,0,0,0.0,0.0,0,1,1,0,0,0
31,0,23.66714731344665,85.0,120.33333333333331,89.0,0,1,2.0,2.0,0,1,1,0,0,0
30,0,27.588106846042635,91.19999695,99.66666666666669,71.0,0,1,2.0,2.0,0,0,1,0,0,0
38,0,23.320752236933163,79.30000305,109.33333333333331,64.66666666666667,0,0,2.0,2.0,0,0,1,0,0,0
33,0,30.6380507196337,88.19999695,129.66666666666666,87.33333333333333,0,0,2.0,2.0,0,1,1,0,0,0
28,0,24.765457842775188,96.19999695,120.0,68.33333333333333,0,0,2.0,2.0,0,1,1,0,0,0
60,0,29.937079455622623,113.0,182.0,111.33333333333331,0,0,2.0,2.0,0,1,1,0,0,0
64,1,20.14968954877244,79.5,148.0,80.33333333333333,0,1,2.0,2.0,0,1,1,0,0,0
27,0,28.37857343228336,100.1999969,110.0,71.66666666666667,0,0,2.0,5.0,0,1,1,0,0,0
30,0,30.859375,106.1999969,151.33333333333334,102.66666666666669,0,1,1.0,2.0,0,1,1,0,0,0
57,0,27.404431488495867,96.5,196.3333333333333,133.0,0,0,2.0,3.0,0,0,1,0,0,0
42,0,26.98040416936683,91.0,138.0,67.0,0,0,2.0,2.0,0,1,1,0,0,0
54,1,18.67408334017293,86.19999695,133.33333333333334,80.0,0,1,2.0,2.0,1,0,1,0,0,0
49,0,23.25716580424892,94.19999695,141.33333333333334,96.66666666666669,0,0,2.0,2.0,0,1,1,0,0,0
30,0,25.05450295037333,92.5,123.33333333333331,89.0,0,0,2.0,2.0,1,0,1,0,0,0
32,1,23.98541801724062,84.5,137.0,86.66666666666667,0,1,0.0,3.0,0,1,1,1,0,0
51,1,21.34385209696308,76.40000153,157.0,100.66666666666669,0,1,8.0,2.0,1,0,1,0,0,0
25,0,19.22337664040653,98.0,114.0,75.66666666666667,0,0,3.0,2.0,0,1,1,0,0,0
58,1,25.57605232084454,91.0,186.0,115.0,0,1,5.0,2.0,1,0,1,0,0,0
54,0,19.08800295738554,75.09999847,169.0,92.66666666666669,0,0,2.0,2.0,1,0,1,0,0,0
56,0,23.74224934825429,82.30000305,159.66666666666666,97.66666666666669,0,0,2.0,2.0,0,1,1,0,0,0
33,0,29.028607195428744,104.0,132.33333333333334,79.33333333333333,0,0,2.0,2.0,0,1,1,0,0,0
64,0,20.225296462459564,77.0,101.33333333333331,70.33333333333333,0,0,2.0,2.0,0,1,1,0,0,0
31,0,30.450656355468624,100.5,136.33333333333334,92.33333333333331,0,1,2.0,3.0,0,0,1,0,0,0
25,0,25.28349823635164,86.5,136.0,79.0,0,0,3.0,2.0,0,1,1,0,0,0
47,0,18.656710332485293,69.0,104.33333333333331,80.66666666666667,0,0,2.0,3.0,0,0,1,0,0,0
41,0,27.900107140316543,103.5,147.66666666666666,103.0,0,0,2.0,2.0,0,1,1,0,0,0
27,0,21.106674313534967,91.0,100.0,74.5,0,0,2.0,3.0,0,0,1,0,0,0
27,0,26.028200422256965,91.40000153,113.66666666666669,86.33333333333333,0,0,1.0,2.0,0,1,1,0,0,0
32,0,26.64500356073096,91.0,115.33333333333331,69.0,0,0,2.0,2.0,0,0,0,0,1,0
41,1,23.057488246197806,79.09999847,132.33333333333334,76.33333333333333,0,0,3.0,3.0,0,0,1,0,1,0
37,0,25.172963506677927,95.30000305,159.66666666666666,97.33333333333331,0,0,2.0,3.0,0,0,1,0,0,0
41,0,25.823016545326418,93.19999695,134.33333333333334,87.33333333333333,0,0,2.0,2.0,0,0,1,0,0,0
36,1,34.99184066857308,101.8000031,164.0,95.0,0,1,2.0,3.0,0,0,1,0,1,0
52,0,25.777364664849323,93.30000305,147.0,94.0,0,0,2.0,3.0,0,0,1,0,0,0
37,0,26.29449065731917,92.80000305,140.33333333333334,100.33333333333331,0,0,3.0,3.0,0,0,1,0,1,0
54,0,24.617666845037167,90.69999695,197.3333333333333,113.33333333333331,0,0,2.0,3.0,0,0,0,0,1,1
51,0,25.811875780841994,99.90000153,168.33333333333334,108.0,0,1,3.0,3.0,0,1,1,0,0,0
55,1,24.47587353575763,91.30000305,138.66666666666666,90.0,0,1,3.0,3.0,0,0,1,0,0,0
51,0,35.62934284477991,110.4000015,114.0,82.66666666666667,0,0,3.0,3.0,0,1,1,0,1,0
60,1,21.61540995070613,79.09999847,112.66666666666669,76.66666666666667,0,1,4.0,3.0,1,1,1,0,1,0
37,0,32.20253023913065,103.5999985,120.0,80.33333333333333,0,0,4.0,3.0,0,0,1,0,0,0
56,1,21.375474234990897,74.19999695,153.66666666666666,93.33333333333331,0,0,2.0,3.0,0,0,1,0,0,0
50,0,19.01891029352572,65.0,124.0,85.66666666666667,0,0,3.0,3.0,0,0,1,0,0,1
25,0,29.628289052713104,99.40000153,109.66666666666669,73.0,0,0,4.0,3.0,0,0,0,0,1,0
46,0,22.131147479205755,91.90000153,142.66666666666666,93.0,0,1,2.0,3.0,0,0,1,0,1,1
36,0,31.56013792095477,98.90000153,151.33333333333334,93.66666666666669,0,0,2.0,3.0,0,0,0,0,0,0
37,1,21.684792287588632,78.59999847,120.66666666666669,71.33333333333333,0,0,3.0,3.0,0,0,1,0,0,0
26,0,30.339704352324908,97.90000153,106.66666666666669,70.0,0,1,3.0,3.0,0,0,1,0,0,0
30,0,27.302841052911784,92.69999695,107.33333333333331,73.66666666666667,0,0,2.0,3.0,0,0,1,0,0,0
32,0,21.88757085550475,84.90000153,109.0,73.66666666666667,0,0,2.0,3.0,0,0,1,0,0,0
37,0,27.961648858585207,92.09999847,122.33333333333331,83.66666666666667,0,1,3.0,3.0,0,0,1,0,0,0
31,0,28.33471459862016,94.80000305,114.0,81.0,0,0,3.0,3.0,0,0,1,0,0,0
47,0,26.831060524898128,97.40000153,157.33333333333334,86.66666666666667,0,0,2.0,3.0,0,1,1,0,1,1
55,1,31.06672491182145,101.4000015,128.66666666666666,90.0,0,1,3.0,3.0,0,0,1,1,1,1
37,0,27.10759508319095,86.59999847,117.0,77.66666666666667,0,0,2.0,3.0,0,1,1,0,0,0
45,0,23.43620268593021,89.80000305,127.66666666666669,85.0,0,0,3.0,3.0,0,0,1,0,0,0
40,0,29.437531606391925,102.8000031,122.0,81.66666666666667,0,0,3.0,3.0,0,0,1,0,0,0
25,0,22.3380285910863,77.40000153,99.66666666666669,67.0,0,0,3.0,3.0,0,0,1,0,1,0
47,1,20.52699169407275,78.69999695,111.66666666666669,78.0,1,0,0.0,3.0,0,0,1,1,1,0
41,0,29.652072160946744,92.30000305,103.66666666666669,69.66666666666667,0,0,2.0,3.0,0,0,0,0,1,0
37,0,24.78327723015396,83.59999847,99.33333333333331,57.66666666666666,0,1,2.0,3.0,0,1,1,0,1,0
30,0,22.206825440941003,80.69999695,108.0,71.33333333333333,0,0,4.0,3.0,0,0,1,0,0,0
37,1,31.510104459819622,93.30000305,145.33333333333334,94.33333333333331,0,1,2.0,3.0,1,1,1,1,1,0
26,0,33.071074702593286,106.6999969,100.33333333333331,71.33333333333333,0,0,3.0,3.0,0,1,1,0,1,0
44,1,27.93472712085801,95.5,117.0,72.66666666666667,0,0,3.0,3.0,0,0,1,0,1,0
25,0,19.816969758127936,76.80000305,109.0,74.66666666666667,0,0,3.0,3.0,0,1,1,0,1,0
27,0,29.68858237024222,91.59999847,118.0,75.66666666666667,0,0,3.0,3.0,0,0,1,0,1,0
27,0,25.24187218236376,83.69999695,115.66666666666669,78.66666666666667,0,0,2.0,3.0,0,1,1,0,0,0
38,0,25.75261767683626,91.5,118.66666666666669,84.33333333333333,0,0,3.0,3.0,0,1,1,0,0,0
32,0,33.90000940121726,106.6999969,132.33333333333334,80.66666666666667,0,1,3.0,3.0,0,0,1,0,0,0
46,1,20.775532279693486,75.40000153,131.66666666666666,90.66666666666669,0,1,2.0,3.0,1,0,1,1,1,0
41,1,25.10416195161234,92.80000305,124.0,86.66666666666667,0,0,3.0,3.0,0,0,1,0,0,0
39,1,25.86063562310869,77.80000305,125.66666666666669,83.66666666666667,1,1,0.0,3.0,0,1,1,0,0,1
46,0,31.01152122185685,104.1999969,117.0,84.0,0,1,2.0,3.0,0,1,1,0,0,0
62,1,23.28224302972527,87.40000153,150.33333333333334,83.0,0,0,2.0,3.0,0,0,1,0,1,0
35,0,22.06163876238964,88.59999847,116.33333333333331,83.0,0,0,2.0,3.0,0,1,1,0,0,0
26,0,21.688622211518584,69.40000153,100.0,79.66666666666667,0,0,3.0,3.0,0,1,1,0,0,0
25,1,23.3354684080448,74.19999695,114.66666666666669,69.33333333333333,0,0,3.0,3.0,0,1,1,0,1,0
49,1,20.703538438088486,78.30000305,123.33333333333331,88.66666666666667,0,1,3.0,3.0,0,0,1,0,0,0
30,1,20.91616775368372,80.80000305,130.0,77.66666666666667,0,1,3.0,3.0,1,1,1,0,0,0
25,0,22.14322338460367,79.90000153,112.33333333333331,70.33333333333333,0,1,3.0,3.0,1,1,1,0,1,0
52,0,21.091661377051995,82.59999847,107.66666666666669,69.33333333333333,0,0,3.0,3.0,1,1,1,0,1,0
39,1,26.693880942545867,92.69999695,119.66666666666669,74.0,0,0,3.0,3.0,1,1,1,0,1,0
32,0,22.095164384748657,84.90000153,110.0,70.66666666666667,0,1,3.0,3.0,0,0,1,0,1,0
27,0,27.63694624232523,98.69999695,80.0,51.5,0,1,3.0,3.0,0,1,1,0,1,0
35,0,18.48615344187441,71.80000305,120.0,77.0,0,1,2.0,3.0,0,1,1,0,1,0
38,0,26.552832197835915,96.59999847,134.66666666666666,89.0,0,1,2.0,3.0,0,1,1,0,1,0
39,1,21.13567449869583,82.80000305,145.66666666666666,96.33333333333331,0,1,3.0,3.0,1,1,1,0,1,0
35,0,24.81767866518886,91.0,97.0,76.0,0,0,2.0,3.0,0,1,1,0,1,0
36,1,21.877551020408163,83.19999695,141.33333333333334,85.33333333333333,0,0,3.0,3.0,1,1,1,0,0,0
29,1,19.668352740184417,75.19999695,134.0,79.66666666666667,0,1,2.0,3.0,1,1,1,0,1,0
45,0,41.87437656218037,123.1999969,166.66666666666666,103.66666666666669,0,0,2.0,3.0,1,1,1,0,1,0
34,0,23.250396131468342,78.69999695,98.0,70.33333333333333,0,1,3.0,3.0,0,1,1,0,0,0
27,1,20.13817404275165,76.19999695,126.0,86.66666666666667,0,0,3.0,3.0,1,1,1,0,1,0
50,0,24.02813888818448,77.0,122.0,73.66666666666667,0,0,2.0,1.0,0,0,1,0,0,0
56,1,30.33976068686869,99.0,146.0,99.0,0,0,3.0,2.0,1,0,0,0,0,0
45,0,46.38974212413538,71.0,147.33333333333334,80.66666666666667,0,0,3.0,2.0,0,1,0,0,0,0
47,0,31.79546229979866,65.0,185.0,102.66666666666669,0,0,1.0,2.0,0,0,0,0,0,0
60,1,35.14790323356458,126.0,180.0,100.33333333333331,0,0,8.0,1.0,0,0,0,0,0,1
45,0,34.007801071610004,107.0,126.33333333333331,76.66666666666667,0,0,1.0,1.0,0,0,0,0,0,1
38,0,10.0009998559612,97.0,129.0,86.33333333333333,0,1,2.0,2.0,0,0,1,0,0,0
43,0,10.0009998559612,83.0,141.66666666666666,77.0,0,0,4.0,2.0,1,0,1,0,0,0
27,1,10.0009998559612,64.0,128.66666666666666,83.33333333333333,0,1,0.0,0.0,0,0,1,1,0,0
34,1,10.0009998559612,83.0,113.66666666666669,80.0,0,0,4.0,2.0,1,0,1,0,0,0
57,0,52.50452640839354,148.0,130.0,82.33333333333333,0,0,1.0,2.0,0,1,1,0,0,0
27,1,28.945752164199423,96.0,128.66666666666666,77.66666666666667,0,1,1.0,1.0,0,1,1,0,1,0
40,0,37.22299168975069,104.0,141.33333333333334,92.66666666666669,0,1,1.0,0.0,0,1,1,0,0,0
45,0,25.91068434689833,90.0,138.33333333333334,79.33333333333333,0,1,0.0,2.0,0,1,1,0,0,0
64,0,24.37344365205465,94.0,155.66666666666666,90.66666666666669,0,0,1.0,2.0,0,1,1,0,0,1
43,0,24.35719958043753,89.0,139.66666666666666,85.66666666666667,0,1,1.0,1.0,0,1,1,0,0,0
35,0,25.06574621959237,64.0,134.0,82.66666666666667,0,0,0.0,1.0,0,1,1,0,0,0
31,1,24.801587301587304,87.0,121.33333333333331,78.0,0,1,1.0,1.0,0,1,1,1,1,0
44,0,38.805697589481376,102.0,144.66666666666666,93.0,0,0,1.0,1.0,0,1,1,0,0,0
28,0,24.24242424242425,84.0,108.0,68.0,0,1,0.0,2.0,0,1,1,0,0,0
32,1,25.248900324584127,72.0,143.33333333333334,86.66666666666667,0,1,1.0,2.0,0,1,1,0,1,0
26,1,24.64820458916588,80.0,119.0,62.66666666666666,0,1,1.0,2.0,0,1,1,0,0,0
39,0,24.011434569850724,89.0,135.0,90.33333333333331,0,0,1.0,2.0,0,1,1,0,0,0
25,0,25.262049239068464,94.0,115.5,71.0,0,0,1.0,1.0,0,1,1,0,0,0
29,1,23.222457482412405,74.0,114.33333333333331,62.333333333333336,0,1,1.0,1.0,1,0,1,1,0,0
43,1,28.719723183391007,93.0,129.0,81.33333333333333,0,1,2.0,2.0,1,0,1,0,0,0
35,0,17.99307958477509,78.0,121.0,68.33333333333333,0,1,1.0,2.0,0,1,1,0,0,0
29,0,27.76709812465291,98.0,115.33333333333331,77.33333333333333,0,1,1.0,2.0,0,1,1,0,0,0
26,0,20.32443825510934,88.0,116.0,68.0,0,0,1.0,2.0,0,1,1,0,0,0
40,0,23.954494167601343,79.0,108.66666666666669,70.0,0,0,1.0,2.0,0,1,1,0,0,0
42,0,24.305555013463724,89.0,89.33333333333333,60.0,0,0,2.0,2.0,0,1,1,0,0,0
53,0,22.0,85.0,135.0,86.33333333333333,0,1,1.0,1.0,0,1,1,0,0,0
25,0,27.174525556099216,90.0,105.66666666666669,61.333333333333336,0,0,2.0,3.0,0,1,1,0,0,0
27,0,26.92174548130194,80.0,127.66666666666669,74.33333333333333,0,1,1.0,2.0,0,1,1,0,0,0
57,1,24.84429171280277,82.0,123.33333333333331,68.33333333333333,0,1,2.0,2.0,0,1,1,1,0,0
48,0,33.87126897635579,105.0,124.0,67.0,0,0,1.0,2.0,0,1,1,0,0,0
63,0,26.058289090007108,79.0,159.66666666666666,91.66666666666669,0,0,1.0,2.0,0,0,1,0,0,0
30,0,25.48444176674586,88.0,102.33333333333331,58.66666666666666,0,1,1.0,1.0,0,1,1,0,0,0
45,1,22.09317005428608,79.0,107.0,69.0,0,1,1.0,1.0,1,0,1,0,0,0
32,1,22.981579925909248,75.0,108.33333333333331,58.66666666666666,0,1,1.0,2.0,1,0,1,0,1,0
43,0,29.90293631342752,93.0,132.33333333333334,88.66666666666667,0,0,1.0,2.0,0,1,1,0,0,1
45,0,26.722872520606725,92.0,142.66666666666666,83.66666666666667,0,1,0.0,2.0,0,1,1,0,0,0
25,0,33.76862804438391,104.0,134.66666666666666,86.33333333333333,0,0,1.0,2.0,0,1,1,0,0,0
31,1,27.14002213364513,88.0,178.0,91.66666666666669,0,0,1.0,1.0,1,0,1,1,0,0
35,0,25.85248609487612,97.0,144.66666666666666,98.66666666666669,0,1,1.0,2.0,0,1,1,0,0,0
53,0,22.43498691224796,75.0,152.0,91.33333333333331,0,0,1.0,2.0,0,1,1,0,0,0
38,1,22.386314277122523,78.0,129.66666666666666,66.0,0,0,1.0,2.0,1,0,1,0,0,0
35,0,27.587326057852245,96.0,112.66666666666669,62.66666666666666,0,1,1.0,1.0,0,1,1,0,0,0
25,0,24.740937287102444,97.0,107.33333333333331,58.0,0,1,1.0,2.0,0,1,1,0,0,0
36,1,24.158817968558527,72.0,121.66666666666669,71.0,0,0,1.0,2.0,1,1,1,0,0,0
39,0,27.34375,95.0,113.66666666666669,71.66666666666667,0,0,1.0,2.0,0,1,1,0,0,0
25,1,24.38237297859371,73.0,115.66666666666669,54.66666666666666,0,0,1.0,2.0,1,1,1,0,0,0
40,0,20.76247111323697,76.0,111.0,73.0,0,1,1.0,2.0,0,1,1,0,0,0
53,0,27.379992629809884,104.0,138.0,80.0,0,0,1.0,2.0,0,1,1,0,0,0
53,1,22.519964425807743,81.0,142.66666666666666,77.33333333333333,0,1,2.0,3.0,1,0,1,0,0,0
41,0,25.794766199157618,82.0,113.33333333333331,67.33333333333333,0,0,1.0,2.0,0,1,1,1,0,0
53,1,25.209201358495854,68.0,130.66666666666666,84.66666666666667,0,1,1.0,2.0,1,0,1,0,0,0
25,0,23.45251891580161,79.0,129.0,68.0,0,0,1.0,2.0,0,1,1,0,0,0
40,0,23.77409242842971,94.0,116.0,71.0,0,1,1.0,2.0,0,1,1,0,0,0
53,0,37.88356841915179,128.0,139.0,83.33333333333333,0,1,2.0,2.0,0,1,1,0,0,0
45,0,29.250678920037323,91.0,125.66666666666669,77.66666666666667,0,0,1.0,2.0,0,1,1,0,0,0
30,0,38.796787354684014,113.0,101.0,64.33333333333333,0,0,1.0,2.0,0,1,1,0,0,0
33,0,35.36252582176338,116.0,136.0,85.0,0,0,1.0,1.0,0,1,1,0,0,0
34,0,17.576401082299416,79.0,140.33333333333334,85.66666666666667,0,0,1.0,2.0,0,1,1,0,0,0
30,1,25.67516031989152,93.0,143.0,93.0,0,0,1.0,2.0,0,1,1,0,0,0
52,0,21.453573713726524,85.0,156.0,98.0,0,0,2.0,2.0,0,1,1,0,0,0
50,1,30.58581192846665,102.0,140.33333333333334,88.0,0,1,2.0,2.0,0,1,1,0,1,0
37,0,26.395803401383272,105.0,121.0,85.0,0,1,1.0,2.0,0,1,1,0,0,0
41,1,29.396221429515126,96.0,161.66666666666666,114.66666666666669,0,1,1.0,2.0,0,1,1,0,0,0
37,0,34.47626876058565,94.0,127.33333333333331,80.66666666666667,0,0,1.0,1.0,0,1,1,0,0,0
30,1,21.13885585942661,72.0,124.33333333333331,67.0,0,1,1.0,2.0,1,0,1,0,0,0
25,0,21.75735347889041,76.0,128.66666666666666,86.0,0,1,1.0,2.0,0,1,1,0,0,0
25,0,33.425160697887975,100.0,121.33333333333331,81.0,0,0,1.0,2.0,0,1,1,0,0,0
30,1,20.044618455922123,72.0,143.0,82.0,1,1,1.0,1.0,0,0,1,0,0,0
33,0,46.93902263783521,125.0,125.66666666666669,75.66666666666667,0,0,1.0,2.0,0,1,1,0,0,0
25,0,28.685144680698485,88.0,94.0,59.66666666666666,0,0,1.0,1.0,0,1,1,0,0,0
25,0,30.764818763670267,90.0,113.66666666666669,65.66666666666667,0,0,1.0,2.0,0,1,1,0,0,0
56,0,28.04037814452812,82.0,149.33333333333334,95.66666666666669,0,0,1.0,1.0,0,1,1,0,0,0
30,0,26.672763298277697,81.0,118.33333333333331,64.33333333333333,0,0,1.0,1.0,0,1,1,0,0,0
33,0,29.00995237392478,92.0,131.66666666666666,79.0,0,1,1.0,1.0,0,1,1,0,0,0
26,0,25.38108300091828,75.0,96.66666666666669,55.0,0,0,1.0,2.0,0,1,1,0,0,0
25,0,25.076193048107708,72.0,125.33333333333331,74.33333333333333,0,0,1.0,1.0,0,1,1,0,0,0
26,0,22.77089841544657,72.0,104.0,72.0,0,1,1.0,2.0,0,1,1,0,0,0
25,0,29.54944850709536,88.0,145.33333333333334,88.66666666666667,0,1,1.0,2.0,0,1,1,0,0,0
40,1,26.790124398148148,90.0,118.0,76.33333333333333,0,1,1.0,1.0,0,1,1,0,0,0
39,1,24.022109924178007,72.0,153.33333333333334,83.0,0,1,1.0,1.0,1,0,1,0,0,0
45,0,25.88340266947949,95.0,106.33333333333331,69.33333333333333,0,0,1.0,1.0,0,1,1,0,0,0
62,1,27.76921179658926,87.0,161.33333333333334,80.33333333333333,0,1,1.0,1.0,0,1,1,0,0,0
62,1,20.41522491349481,80.0,89.0,56.0,0,1,1.0,1.0,0,1,1,0,0,0
63,0,20.242175754238225,79.0,112.33333333333331,61.333333333333336,0,0,1.0,1.0,0,1,1,0,0,0
45,1,10.0009998559612,69.0,124.0,69.33333333333333,0,1,1.0,2.0,1,0,1,0,0,0
50,0,22.939895236874708,80.0,126.66666666666669,79.33333333333333,0,0,1.0,2.0,1,0,1,0,0,0
35,1,21.57339026209126,73.0,115.66666666666669,61.333333333333336,0,1,1.0,2.0,1,0,1,0,0,0
60,0,23.678625805362657,74.0,155.0,93.33333333333331,0,1,1.0,2.0,0,1,1,0,0,0
42,0,23.55879228720083,84.0,106.66666666666669,70.66666666666667,0,1,1.0,2.0,0,1,1,0,0,0
30,0,25.68796787087004,86.0,108.66666666666669,70.33333333333333,0,1,1.0,1.0,0,1,1,0,0,0
48,0,40.96174363664075,109.0,174.66666666666666,104.33333333333331,0,1,1.0,2.0,0,0,1,0,0,0
56,1,26.606478249717863,93.0,123.66666666666669,78.33333333333333,0,0,1.0,2.0,0,1,1,0,0,0
25,0,21.508486916473768,78.0,101.33333333333331,56.66666666666666,0,1,1.0,1.0,0,0,1,0,0,0
58,1,22.68130503434781,84.0,111.0,65.66666666666667,0,1,1.0,1.0,0,1,1,0,0,0
53,0,25.00915933674544,98.0,110.33333333333331,68.33333333333333,0,1,1.0,2.0,0,1,1,0,0,0
43,0,29.124182278904385,90.0,104.66666666666669,58.0,0,0,1.0,1.0,0,1,1,0,0,0
56,1,29.9449774555986,85.0,128.33333333333334,83.33333333333333,0,1,1.0,1.0,0,1,1,0,0,1
64,1,21.192771719020733,74.0,108.66666666666669,71.33333333333333,0,1,1.0,2.0,1,0,1,0,0,0
26,0,23.46615422991288,91.0,112.33333333333331,66.0,0,0,1.0,3.0,0,1,1,0,0,0
34,0,39.15518769513315,112.0,114.66666666666669,77.33333333333333,0,1,1.0,1.0,0,1,1,0,0,0
30,0,20.83333306405896,83.0,119.0,83.66666666666667,0,0,1.0,1.0,0,1,1,0,0,0
54,0,28.95934568569793,100.0,134.33333333333334,86.66666666666667,0,0,1.0,2.0,0,1,1,0,0,0
50,0,26.5625,103.0,115.0,77.66666666666667,0,1,1.0,3.0,0,1,1,0,0,0
33,0,20.38233934201977,79.0,123.0,86.33333333333333,0,0,1.0,1.0,0,1,1,0,0,0
50,1,24.0415864881502,86.0,130.0,81.0,0,0,3.0,3.0,0,1,1,0,1,0
36,0,24.858470024677025,81.0,104.33333333333331,67.66666666666667,0,1,2.0,2.0,0,1,1,0,0,0
59,0,37.13132780698219,103.0,139.33333333333334,82.66666666666667,0,0,2.0,1.0,0,1,1,0,0,0
64,0,34.11989903982427,110.0,138.66666666666666,80.33333333333333,0,0,1.0,2.0,0,1,1,0,0,0
31,0,27.168676985289256,91.0,118.0,60.0,0,1,4.0,2.0,0,1,1,0,0,0
60,1,23.40394403798393,87.0,120.33333333333331,69.66666666666667,0,1,2.0,1.0,0,1,1,0,1,1
47,0,33.11786892673844,98.0,130.33333333333334,86.33333333333333,0,1,1.0,2.0,0,1,1,0,0,0
36,1,24.44727891156463,84.0,133.66666666666666,86.0,0,1,1.0,2.0,0,1,1,0,0,0
27,1,23.668433097519163,79.0,117.33333333333331,65.33333333333333,0,1,1.0,2.0,0,1,1,1,0,0
34,0,31.3527297214004,100.0,114.0,74.33333333333333,0,0,1.0,2.0,0,1,1,0,0,0
50,0,32.19786498912118,107.0,108.33333333333331,72.66666666666667,0,0,1.0,2.0,0,1,1,0,0,0
34,1,22.478203476769025,76.0,120.66666666666669,71.66666666666667,0,0,1.0,2.0,1,0,1,0,0,0
46,1,20.39980422102712,77.0,132.33333333333334,94.66666666666669,0,1,0.0,1.0,0,1,1,0,0,0
38,1,20.208205141491938,79.0,133.33333333333334,81.33333333333333,1,1,0.0,1.0,1,0,1,0,0,0
56,0,24.034566274449286,97.0,234.3333333333333,113.0,0,0,0.0,1.0,0,1,1,0,0,0
59,0,29.95360333469486,104.0,141.66666666666666,88.33333333333333,0,0,0.0,2.0,0,1,1,0,0,0
64,0,23.67818524218777,88.19999695,181.66666666666663,95.0,0,0,4.0,2.0,0,1,1,0,0,0
32,0,23.04960547342621,76.80000305,115.66666666666669,79.33333333333333,0,1,2.0,1.0,0,1,1,0,0,0
47,1,20.249897946876235,72.69999695,119.66666666666669,84.66666666666667,0,1,3.0,1.0,0,1,1,0,0,0
38,1,30.64814908950617,101.5,192.66666666666663,122.0,0,1,2.0,1.0,1,0,0,0,1,0
40,1,29.411605268850867,103.5,142.66666666666666,76.33333333333333,0,1,2.0,2.0,0,0,1,0,0,0
37,1,20.74700278627988,73.40000153,150.66666666666666,97.33333333333331,0,0,3.0,0.0,1,1,1,0,0,1
36,0,29.26383289513793,101.5999985,132.66666666666666,80.0,0,0,2.0,2.0,0,1,1,0,0,0
41,0,24.11977693335478,91.0,105.33333333333331,59.0,0,0,2.0,1.0,1,1,1,0,0,0
32,0,23.654325371860807,92.5,132.33333333333334,83.66666666666667,0,0,4.0,3.0,0,1,1,0,0,0
39,0,10.0009998559612,111.5,163.0,99.0,0,1,0.0,0.0,1,1,1,0,0,0
27,0,20.43535325364952,75.59999847,124.33333333333331,85.33333333333333,0,1,2.0,3.0,1,1,0,0,0,0
25,0,22.4110507989304,85.0,141.33333333333334,87.33333333333333,0,0,4.0,3.0,1,1,1,0,0,0
41,0,23.03436364183824,86.0,162.0,114.66666666666669,0,0,2.0,2.0,1,1,1,0,1,0
37,0,10.0009998559612,91.0,128.66666666666666,86.66666666666667,0,1,2.0,3.0,0,1,1,0,1,0
50,1,20.75539106841333,81.0,132.0,79.66666666666667,0,0,1.0,2.0,0,1,1,0,1,0
26,1,22.057049756766887,78.59999847,109.0,60.333333333333336,0,1,4.0,2.0,1,1,1,1,1,0
46,0,40.4400981044839,121.0,130.0,82.33333333333333,0,0,2.0,3.0,1,1,1,0,1,0
25,1,25.159505226361595,90.59999847,126.66666666666669,80.66666666666667,0,1,5.0,2.0,0,0,0,1,0,0
52,1,10.0009998559612,82.09999847,115.0,65.66666666666667,0,1,2.0,1.0,1,0,0,0,0,0
38,0,31.03390051863721,93.5,132.33333333333334,93.0,0,0,0.0,2.0,0,1,1,0,1,0
26,0,18.97837189371844,72.40000153,105.33333333333331,68.33333333333333,0,0,2.0,1.0,0,1,1,0,0,0
34,0,27.043760595906093,98.5,109.66666666666669,62.66666666666666,0,0,0.0,0.0,1,1,1,0,0,0
63,0,35.02951392693183,110.5,150.66666666666666,91.33333333333331,0,0,0.0,1.0,0,0,0,0,0,1
51,1,29.698714135143675,73.09999847,119.66666666666669,77.66666666666667,0,1,4.0,3.0,0,0,1,0,1,0
53,1,28.450250459218445,96.59999847,176.66666666666666,105.33333333333331,0,0,3.0,3.0,0,0,1,0,1,1
55,0,34.07440355357541,113.4000015,168.66666666666666,86.66666666666667,0,1,4.0,3.0,0,1,1,0,0,0
64,1,22.74850225796452,85.0,173.33333333333334,89.33333333333333,0,1,4.0,2.0,0,0,1,0,0,0
34,0,21.19320711641748,79.0,125.33333333333331,80.33333333333333,0,0,8.0,2.0,0,1,1,0,0,0
33,0,30.652706616172868,103.0,122.66666666666669,77.66666666666667,0,0,1.0,2.0,0,1,1,0,0,0
54,1,22.304686902343747,82.09999847,219.3333333333333,139.66666666666666,0,1,2.0,2.0,0,0,1,0,1,0
28,0,31.853478084586435,101.6999969,150.66666666666666,80.66666666666667,0,1,2.0,2.0,0,1,0,0,0,0
32,1,21.33099469971835,79.0,130.66666666666666,74.0,0,1,1.0,2.0,1,0,1,0,0,0
25,0,25.46144733252808,98.0,117.33333333333331,54.333333333333336,0,0,3.0,2.0,0,1,1,0,0,0
48,1,31.921377167503724,104.0,184.0,111.33333333333331,0,1,4.0,3.0,0,0,0,0,0,0
32,0,37.55476487710079,112.8000031,144.66666666666666,97.0,0,1,2.0,2.0,0,1,1,0,0,0
37,0,30.1341880237637,95.40000153,157.33333333333334,92.0,0,0,2.0,2.0,0,0,0,0,0,0
49,0,28.804162735581578,114.5,145.33333333333334,92.33333333333331,0,1,2.0,3.0,0,0,1,0,0,0
53,0,31.84491363061998,99.80000305,128.0,80.33333333333333,0,0,2.0,2.0,0,0,0,0,0,0
64,0,29.302810210197705,101.3000031,133.66666666666666,83.0,0,0,4.0,3.0,0,1,1,0,0,0
29,0,27.303102352689955,90.80000305,126.33333333333331,67.0,0,0,1.0,1.0,1,1,1,0,0,0
31,0,30.750297636384733,101.4000015,145.66666666666666,73.33333333333333,0,0,4.0,2.0,1,1,1,0,0,0
32,0,31.086771392889982,101.5,116.33333333333331,78.0,0,1,4.0,1.0,1,1,1,0,0,0
49,0,27.10632292488766,92.5,185.66666666666663,104.0,0,1,3.0,3.0,1,1,1,0,0,0
47,0,47.10988799850748,128.3999939,166.33333333333334,112.0,0,0,15.0,3.0,0,1,1,0,1,0
41,0,27.83113888857173,94.09999847,105.33333333333331,61.0,0,0,3.0,3.0,0,1,1,0,0,0
51,0,39.84002301546048,118.0,135.33333333333334,87.66666666666667,0,1,4.0,4.0,0,1,1,0,0,0
47,0,32.45184523487395,105.9000015,160.0,106.66666666666669,0,0,4.0,3.0,0,1,1,0,0,0
37,1,21.45283499935805,77.5,117.0,77.66666666666667,0,1,4.0,4.0,1,1,1,0,1,0
40,1,21.991580225722167,80.90000153,127.33333333333331,76.0,0,0,1.0,2.0,1,0,1,0,0,0
43,1,27.07214344244448,96.0,133.66666666666666,89.0,0,0,2.0,1.0,0,1,1,0,0,0
50,0,23.59932767664063,83.40000153,130.33333333333334,69.66666666666667,0,0,3.0,3.0,0,1,1,0,0,0
28,0,21.551692483334264,78.0,122.33333333333331,74.66666666666667,0,0,4.0,3.0,0,1,1,0,0,0
26,1,18.58169418303811,67.5,120.0,65.33333333333333,0,1,3.0,1.0,1,1,1,1,1,0
47,0,28.71047932495361,97.19999695,129.0,83.33333333333333,0,0,2.0,2.0,0,0,1,0,1,0
45,0,33.48587631635198,104.0999985,153.0,90.33333333333331,0,0,2.0,3.0,0,0,0,0,0,0
34,1,18.477402018180182,78.0,132.33333333333334,82.0,0,0,4.0,3.0,0,1,1,0,1,0
25,0,25.277388780119185,82.40000153,112.0,71.0,0,0,4.0,4.0,0,1,1,0,1,0
34,0,28.280533336940543,92.59999847,126.0,76.33333333333333,0,1,2.0,2.0,0,0,0,1,0,0
48,1,21.637241348113616,75.30000305,123.66666666666669,76.66666666666667,1,1,0.0,2.0,1,1,1,0,0,0
38,0,25.555706351047743,97.5,143.33333333333334,93.66666666666669,0,1,3.0,3.0,0,1,1,0,0,0
61,0,28.225793134047937,99.5,148.0,81.33333333333333,0,0,3.0,1.0,0,0,1,0,0,0
25,0,30.010935270932865,95.30000305,116.0,71.0,0,0,2.0,2.0,1,0,1,0,1,0
63,0,29.287024685948552,101.3000031,126.33333333333331,74.33333333333333,0,1,3.0,3.0,0,1,1,0,0,0
61,1,25.43934348426871,94.5,183.3333333333333,99.0,1,1,2.0,2.0,0,0,1,0,0,1
48,1,22.693877551020407,83.19999695,140.33333333333334,79.33333333333333,0,0,4.0,2.0,0,1,1,0,0,0
27,1,31.56139050331519,103.4000015,128.66666666666666,76.66666666666667,0,0,2.0,2.0,0,1,1,1,0,0
32,1,20.37765881688444,82.0,118.66666666666669,62.333333333333336,0,1,3.0,3.0,0,1,1,1,1,0
43,0,24.726275302940035,94.80000305,154.0,81.33333333333333,0,1,4.0,2.0,0,0,1,0,0,0
27,0,33.61105031855647,98.19999695,107.33333333333331,73.33333333333333,0,1,2.0,2.0,0,1,1,0,1,0
59,0,34.32676795420344,104.0,160.33333333333334,105.66666666666669,0,1,5.0,4.0,0,1,0,0,0,0
29,0,32.635366082003415,97.59999847,113.66666666666669,77.0,0,0,2.0,3.0,0,1,1,0,0,0
38,0,30.89926843904503,98.19999695,139.66666666666666,91.0,0,0,4.0,2.0,0,1,1,0,0,0
47,1,31.785072894109952,101.3000031,180.0,115.0,0,0,2.0,3.0,0,1,1,0,1,0
43,0,30.070006853330177,98.09999847,110.66666666666669,75.66666666666667,0,1,2.0,2.0,1,1,1,0,0,0
34,0,27.426311955084284,92.5,121.66666666666669,77.0,0,0,5.0,3.0,1,1,0,0,0,0
25,0,23.438213281869285,77.80000305,119.33333333333331,75.0,0,0,3.0,3.0,1,1,1,0,0,0
30,0,19.2942468836214,77.69999695,119.33333333333331,73.33333333333333,0,0,2.0,3.0,0,1,0,0,0,0
52,0,29.57848686348143,106.0,123.66666666666669,77.66666666666667,0,0,3.0,3.0,0,0,0,0,0,0
50,0,34.947178090278605,111.5,131.0,89.33333333333333,0,1,3.0,2.0,0,0,1,0,0,0
35,0,30.312499402343747,97.0,111.0,70.66666666666667,0,0,3.0,2.0,0,1,1,0,0,0
43,0,34.53947500432825,101.5,110.33333333333331,64.33333333333333,0,0,2.0,3.0,0,1,0,0,0,0
47,0,44.714274295401566,119.0999985,121.0,83.0,0,1,6.0,3.0,0,1,0,0,0,0
27,0,31.75659008788208,103.0999985,118.33333333333331,85.66666666666667,0,1,5.0,2.0,1,1,1,1,0,0
46,0,17.323040285353017,72.0,112.66666666666669,66.66666666666667,0,1,2.0,3.0,1,1,1,0,0,0
49,1,29.54305712198685,109.3000031,161.66666666666666,109.33333333333331,0,1,4.0,3.0,1,1,1,1,1,0
33,0,22.223525358533163,91.0,157.33333333333334,96.0,0,1,5.0,2.0,1,1,1,0,0,0
39,1,21.320359768205368,79.5,127.33333333333331,72.33333333333333,0,1,4.0,2.0,1,1,1,0,1,0
34,1,24.01705897937324,75.5,118.0,60.333333333333336,0,1,5.0,3.0,1,1,1,1,1,1
30,0,25.940746548616307,89.80000305,130.66666666666666,77.66666666666667,0,1,4.0,3.0,0,1,1,0,1,0
28,1,24.30148836523615,82.5,120.0,56.66666666666666,0,0,2.0,2.0,1,1,1,0,0,0
62,0,21.75343119600017,75.19999695,99.33333333333331,62.0,0,0,4.0,3.0,0,1,1,0,0,0
32,0,22.68724362994372,82.59999847,112.33333333333331,70.33333333333333,0,1,2.0,3.0,1,1,0,0,0,0
47,0,25.96975705128205,86.69999695,133.66666666666666,83.0,0,1,1.0,3.0,1,1,1,0,1,0
60,0,28.225373040081184,105.3000031,149.66666666666666,88.0,0,1,1.0,2.0,0,1,1,0,0,1
55,0,18.68123290430454,76.09999847,149.66666666666666,88.33333333333333,0,1,2.0,2.0,0,0,1,0,0,0
52,0,24.435052396472987,87.0,204.66666666666663,120.33333333333331,0,1,0.0,2.0,1,1,1,0,0,0
52,0,22.127103303943663,88.19999695,178.66666666666666,101.0,0,0,2.0,3.0,1,1,1,0,0,0
27,0,28.80020268720705,99.5,118.33333333333331,75.33333333333333,0,0,4.0,2.0,1,1,1,0,0,0
58,1,24.56219664200363,92.40000153,170.0,102.0,0,1,4.0,3.0,1,0,1,0,1,0
46,0,24.485048463499268,99.5,143.66666666666666,81.33333333333333,0,1,2.0,2.0,0,0,1,0,0,0
27,0,20.030884771142148,75.0,119.66666666666669,75.66666666666667,0,1,1.0,2.0,1,1,1,0,0,0
58,1,26.058289090007108,97.0,238.66666666666663,97.66666666666669,0,0,3.0,3.0,1,1,1,0,0,0
48,0,41.2762797764412,123.5999985,131.33333333333334,73.33333333333333,0,1,2.0,2.0,0,0,1,0,0,0
56,0,31.038420493691937,100.0,147.33333333333334,88.0,0,1,2.0,2.0,0,0,1,0,0,0
49,0,26.25255854957941,91.5,118.0,74.0,0,1,0.0,2.0,0,1,1,0,0,0
52,0,39.80061705501912,112.4000015,130.33333333333334,82.0,0,1,3.0,2.0,1,1,1,0,1,0
53,0,37.324119326318126,103.5,121.66666666666669,81.0,0,0,3.0,3.0,1,1,1,0,1,0
37,0,31.90710166578578,110.4000015,144.66666666666666,86.66666666666667,0,1,2.0,2.0,0,1,1,0,0,0
42,1,22.62615428945145,83.19999695,118.66666666666669,62.66666666666666,0,0,2.0,2.0,1,1,1,0,1,0
35,0,22.80615660291572,93.40000153,106.66666666666669,62.0,0,0,4.0,1.0,1,1,1,0,0,0
36,1,22.239775702989345,74.09999847,127.33333333333331,71.66666666666667,0,1,3.0,2.0,0,1,1,1,1,0
28,0,19.184248586781862,71.19999695,125.0,75.0,0,0,4.0,3.0,1,1,1,1,1,0
34,0,20.40994460990532,91.0,100.66666666666669,57.333333333333336,0,0,1.0,2.0,0,1,1,0,0,0
50,1,21.6895257974896,82.09999847,111.33333333333331,74.33333333333333,0,0,4.0,2.0,0,1,1,0,1,1
54,0,27.072680441928416,92.5,156.0,95.33333333333331,0,1,4.0,2.0,0,1,1,0,1,0
40,1,26.31746990164133,86.19999695,130.66666666666666,77.33333333333333,0,1,3.0,1.0,0,0,1,0,0,0
46,1,22.95932423398642,85.19999695,150.0,84.66666666666667,1,1,2.0,3.0,0,1,1,1,1,0
59,0,29.036986461699712,100.5,142.33333333333334,88.0,0,0,3.0,2.0,0,1,1,0,1,0
32,0,19.023790076612112,69.19999695,110.0,64.66666666666667,0,0,3.0,2.0,0,1,1,0,0,0
56,0,35.28934609924284,116.0999985,116.33333333333331,79.33333333333333,0,0,2.0,2.0,0,1,1,0,0,0
57,0,20.35564379901628,79.09999847,184.0,98.0,0,1,2.0,2.0,0,1,1,0,0,0
34,0,18.32083915612275,77.0,113.0,75.66666666666667,0,1,2.0,2.0,0,1,1,0,0,0
54,0,29.07835149875618,104.5,159.66666666666666,101.33333333333331,0,0,2.0,2.0,0,0,1,0,0,0
31,1,20.94782500450459,77.5,133.33333333333334,67.0,0,0,5.0,7.0,1,0,1,0,1,0
35,0,28.24557208323072,91.0,99.33333333333331,66.0,0,0,2.0,2.0,0,1,1,0,0,0
60,0,19.453124703124995,76.19999695,120.0,67.66666666666667,0,1,1.0,2.0,1,1,1,0,0,0
44,0,20.779823801398045,91.0,127.66666666666669,71.33333333333333,0,0,2.0,2.0,0,1,1,0,1,0
36,0,27.578124402343747,94.19999695,125.0,81.66666666666667,0,1,4.0,3.0,1,1,1,0,0,0
37,1,21.1938888453218,74.19999695,128.0,72.0,0,1,6.0,1.0,1,1,1,0,1,0
44,0,25.32004143681717,85.69999695,121.66666666666669,83.33333333333333,0,1,10.0,2.0,1,1,1,0,0,0
47,1,20.85133107729122,76.19999695,120.66666666666669,76.33333333333333,0,1,4.0,2.0,1,1,1,0,0,0
39,1,21.734108349644305,77.5,125.0,73.66666666666667,0,0,3.0,2.0,1,0,1,0,1,0
55,0,24.73339327973322,99.5,127.33333333333331,77.33333333333333,0,1,3.0,2.0,0,1,1,0,0,0
26,0,28.353798151723907,95.59999847,123.66666666666669,79.0,0,1,2.0,2.0,1,1,1,0,0,0
34,0,28.0840416387312,98.90000153,151.66666666666666,93.0,0,0,2.0,2.0,0,1,1,0,0,0
51,0,34.63980715053914,103.8000031,175.33333333333334,114.0,0,1,1.0,1.0,1,0,1,0,0,0
60,0,34.683922419085015,98.5,117.0,78.33333333333333,0,0,1.0,1.0,1,0,1,0,1,0
50,0,29.2481311637934,93.19999695,126.66666666666669,84.33333333333333,0,0,1.0,1.0,0,1,1,0,1,0
36,1,25.996012510413635,90.19999695,145.0,86.0,0,1,3.0,1.0,0,1,1,0,0,0
34,1,21.958644459722667,77.30000305,109.33333333333331,67.0,0,0,1.0,1.0,0,1,1,0,1,0
39,0,30.86551218324487,90.69999695,143.33333333333334,89.66666666666667,0,0,1.0,1.0,0,1,1,0,0,1
35,0,33.36232587424361,109.1999969,152.0,104.66666666666669,0,1,1.0,1.0,0,1,1,0,1,0
40,0,21.57734089107476,71.19999695,118.66666666666669,79.66666666666667,0,1,1.0,1.0,0,1,1,0,0,0
39,0,23.732615679245463,76.69999695,117.33333333333331,68.66666666666667,0,1,3.0,1.0,1,1,1,0,0,0
54,0,29.27796676191621,98.59999847,141.66666666666666,99.0,0,1,1.0,1.0,0,1,1,0,0,0
42,0,28.86570055571151,90.5,134.33333333333334,85.66666666666667,0,0,1.0,1.0,0,1,1,0,0,0
51,0,29.204415030879925,101.0999985,159.33333333333334,100.66666666666669,0,0,2.0,1.0,0,1,1,0,1,0
27,0,29.125113342818903,92.0,112.33333333333331,69.66666666666667,0,0,2.0,1.0,0,1,1,0,0,0
35,0,20.95324350661949,80.69999695,117.33333333333331,76.0,0,1,2.0,1.0,0,1,1,0,1,0
26,0,26.38533739088976,86.90000153,110.33333333333331,67.66666666666667,0,0,1.0,1.0,0,1,1,0,1,0
30,1,21.9704961641873,73.5,124.33333333333331,77.0,0,1,1.0,0.0,1,0,1,0,0,0
33,1,28.134701480554583,71.19999695,134.0,97.0,0,1,1.0,1.0,1,0,1,0,0,0
30,1,35.75338991781698,71.30000305,119.33333333333331,75.66666666666667,0,1,2.0,2.0,1,0,1,0,0,0
30,0,20.077334919690664,66.5,112.66666666666669,66.33333333333333,0,0,5.0,1.0,0,1,1,0,0,0
40,1,25.762713041988366,99.09999847,135.66666666666666,81.33333333333333,0,0,2.0,2.0,0,1,1,0,0,0
36,0,34.235987016985725,92.90000153,116.0,70.66666666666667,0,1,3.0,1.0,0,1,1,0,0,0
37,0,19.49712836943613,70.0,107.33333333333331,63.66666666666666,0,0,1.0,1.0,0,0,1,0,0,0
37,1,42.88669355021983,94.5,118.66666666666669,85.0,0,0,1.0,1.0,1,0,1,1,0,0
43,0,45.2744724909956,108.1999969,128.66666666666666,100.66666666666669,0,0,1.0,1.0,1,0,1,1,0,0
33,0,23.49610505597211,78.19999695,124.0,89.66666666666667,0,0,2.0,1.0,0,1,1,0,0,0
42,0,31.14987262785265,91.59999847,218.3333333333333,128.33333333333334,0,0,2.0,1.0,0,1,1,0,0,0
50,0,24.48388913253621,75.80000305,185.66666666666663,109.0,0,0,2.0,1.0,0,1,1,0,0,0
50,0,20.429363209833795,75.59999847,145.66666666666666,97.66666666666669,0,0,2.0,2.0,0,1,1,0,0,0
62,0,35.09488523596731,76.30000305,178.66666666666666,104.0,0,0,1.0,2.0,0,1,1,0,0,0
45,0,33.50761345820166,85.80000305,142.0,85.33333333333333,0,0,2.0,2.0,0,1,1,0,0,0
40,1,18.8750408846873,75.19999695,140.33333333333334,85.0,0,1,2.0,2.0,0,1,1,0,0,0
38,1,32.90591311968577,75.0,118.0,76.33333333333333,0,0,2.0,1.0,0,1,1,0,0,1
34,0,26.79830721140281,82.09999847,152.33333333333334,98.66666666666669,0,0,2.0,1.0,0,1,1,0,0,0
30,0,25.624479795004163,86.5,137.0,90.33333333333331,0,0,2.0,1.0,0,1,1,0,0,0
50,0,33.48113114505904,99.5,170.66666666666666,111.33333333333331,0,1,2.0,1.0,0,1,1,0,0,0
64,0,29.48084236593587,97.09999847,226.66666666666663,135.33333333333334,0,0,1.0,1.0,0,0,0,0,0,1
38,0,32.33954864568952,100.5,116.0,80.66666666666667,0,1,1.0,1.0,0,1,1,0,0,0
40,1,27.86923849369596,101.0,133.66666666666666,83.0,0,0,3.0,1.0,1,0,1,0,0,0
45,0,24.220537042590013,124.8000031,142.33333333333334,89.66666666666667,0,0,1.0,1.0,0,1,1,0,0,0
59,0,24.01240399276972,75.5,153.0,101.66666666666669,0,0,7.0,7.0,0,0,1,0,1,0
48,0,19.252521757170367,67.19999695,113.66666666666669,71.66666666666667,0,0,2.0,1.0,0,0,1,0,0,0
64,0,31.72568376462105,100.0,140.33333333333334,89.0,0,0,1.0,1.0,0,0,1,0,1,0
32,1,25.01629699597897,87.30000305,139.33333333333334,92.66666666666669,1,1,2.0,2.0,0,0,1,0,0,0
42,0,30.696828236621123,100.3000031,133.33333333333334,84.66666666666667,0,0,7.0,7.0,0,1,1,0,0,0
28,0,28.11946646776399,87.0,132.0,93.66666666666669,0,1,1.0,1.0,0,0,1,0,0,0
40,0,29.723183920415227,95.90000153,119.0,72.0,0,0,1.0,2.0,0,1,1,0,0,0
53,0,17.832797317119287,78.19999695,132.33333333333334,74.33333333333333,0,0,1.0,1.0,0,0,1,0,0,1
29,0,24.037062344507014,79.09999847,123.66666666666669,89.66666666666667,0,0,7.0,2.0,0,1,1,0,0,0
62,0,28.30567889631592,49.0,232.0,121.66666666666669,0,0,1.0,7.0,0,0,1,0,0,0
35,0,35.66406369140624,117.0,129.0,89.0,0,1,1.0,2.0,0,1,1,0,0,0
45,1,27.62167013774105,92.0,137.33333333333334,97.66666666666669,0,1,1.0,1.0,0,0,0,0,0,0
54,0,29.66729271926379,94.5,127.0,96.0,0,1,0.0,1.0,0,0,1,0,0,0
55,0,23.45764967752024,91.09999847,113.0,78.66666666666667,0,0,1.0,1.0,0,1,1,0,0,0
31,0,22.01070819452708,67.80000305,111.66666666666669,74.0,0,0,1.0,1.0,0,1,1,0,0,0
36,1,21.734608191663625,92.0,116.0,73.0,1,1,2.0,3.0,0,0,1,0,0,0
61,1,26.830165742256675,94.90000153,153.66666666666666,101.0,0,0,7.0,7.0,0,0,1,0,1,1
35,0,29.33353269273861,99.19999695,129.66666666666666,82.33333333333333,0,0,1.0,1.0,0,1,1,0,0,0
33,1,20.894954911211727,96.19999695,148.33333333333334,92.0,0,0,5.0,2.0,1,0,1,0,0,0
47,0,23.949979645091684,83.09999847,131.0,85.66666666666667,0,0,1.0,1.0,0,1,1,0,0,0
32,0,25.89218050245924,82.0,121.0,76.33333333333333,0,0,1.0,1.0,0,1,1,0,0,0
50,0,36.7220133193762,111.3000031,136.33333333333334,84.0,0,1,1.0,1.0,0,1,1,0,0,0
58,1,23.85803945933297,66.5,152.33333333333334,90.0,1,1,1.0,1.0,0,1,1,0,0,0
25,1,22.482703360755195,76.0,127.33333333333331,80.66666666666667,0,1,3.0,3.0,0,0,1,1,0,0
27,0,25.059910131158027,88.80000305,134.33333333333334,86.33333333333333,0,0,1.0,1.0,0,1,1,0,0,0
51,0,32.830161752676986,101.5,123.66666666666669,69.33333333333333,0,0,1.0,1.0,0,1,1,0,0,0
36,0,24.71916893823372,85.5,112.66666666666669,67.0,0,1,1.0,1.0,0,0,1,0,0,0
64,1,21.579288830751345,86.5,128.66666666666666,82.0,0,1,1.0,2.0,0,0,1,0,1,1
62,0,27.208772957505683,91.5,124.33333333333331,74.66666666666667,0,0,4.0,3.0,0,0,1,0,0,0
45,0,31.241221715926468,107.1999969,129.33333333333334,87.33333333333333,0,0,3.0,1.0,0,1,1,0,0,0
44,0,26.23774724919393,87.5,118.66666666666669,74.0,0,0,1.0,1.0,0,1,1,0,0,0
46,0,32.54981096880827,101.8000031,145.66666666666666,97.33333333333331,0,0,2.0,2.0,0,1,1,0,0,0
30,0,22.29702764906209,76.69999695,133.0,95.0,0,0,1.0,1.0,0,1,1,0,0,0
25,1,20.58110416883432,73.5,124.33333333333331,72.33333333333333,0,0,4.0,1.0,1,0,1,0,0,0
45,0,33.38809021472088,99.5,110.0,77.33333333333333,0,0,3.0,1.0,1,0,1,0,0,0
44,1,20.854319312831283,70.09999847,119.0,81.33333333333333,0,1,1.0,1.0,1,0,1,0,0,0
26,0,35.87372183078837,96.80000305,122.66666666666669,80.33333333333333,0,1,1.0,1.0,0,1,1,0,0,1
31,1,24.190530886435027,76.40000153,125.33333333333331,76.33333333333333,0,1,4.0,1.0,1,0,1,1,0,0
40,0,25.947564539594087,89.80000305,105.66666666666669,71.0,0,1,2.0,2.0,1,0,1,0,0,0
30,0,22.81401444218265,72.5,108.33333333333331,68.33333333333333,0,1,4.0,2.0,1,0,1,0,0,0
51,0,20.98300145864939,81.40000153,127.33333333333331,87.66666666666667,1,1,1.0,1.0,1,0,1,0,0,0
35,1,23.19418875199392,82.59999847,127.66666666666669,62.66666666666666,0,0,4.0,2.0,1,0,1,1,0,0
30,0,20.841889535043425,69.40000153,111.0,75.0,0,1,2.0,1.0,1,0,1,0,0,0
46,0,22.60359068004369,81.40000153,145.33333333333334,86.0,0,0,1.0,1.0,0,1,1,0,0,1
29,0,27.81721643737156,93.59999847,116.33333333333331,64.66666666666667,0,0,1.0,1.0,0,1,1,0,0,0
50,0,29.7831111245438,91.59999847,133.0,78.33333333333333,0,0,2.0,7.0,0,1,1,0,0,0
43,0,25.713302047594688,99.09999847,117.33333333333331,88.0,0,0,2.0,2.0,0,1,1,0,0,0
51,1,35.454794011057814,113.5999985,161.66666666666666,94.66666666666669,0,0,2.0,2.0,0,1,1,0,0,0
33,0,28.14915079882294,91.59999847,117.33333333333331,85.0,0,0,1.0,2.0,0,0,1,0,0,0
28,0,41.695754157890846,91.0,135.66666666666666,86.33333333333333,0,1,1.0,1.0,0,1,1,0,0,0
30,0,19.91226200030085,79.80000305,130.33333333333334,78.33333333333333,0,0,1.0,1.0,0,1,1,0,0,0
55,0,24.34189247658712,99.59999847,135.33333333333334,88.33333333333333,0,0,1.0,1.0,1,0,1,0,0,0
30,0,30.45207357159777,69.5,121.33333333333331,77.66666666666667,0,0,1.0,1.0,0,0,1,0,0,0
42,0,27.099630804722143,102.5,122.66666666666669,66.33333333333333,0,1,1.0,1.0,0,1,1,0,0,0
37,0,17.90616670355009,73.59999847,105.33333333333331,77.33333333333333,0,0,1.0,2.0,1,0,1,0,0,0
28,0,25.63860904682608,85.5,106.66666666666669,77.33333333333333,0,1,1.0,1.0,0,0,1,0,0,0
36,0,26.33684967760251,71.09999847,150.66666666666666,109.33333333333331,0,1,1.0,1.0,0,1,1,0,0,0
28,1,19.78039791477105,86.09999847,139.33333333333334,93.33333333333331,0,0,1.0,1.0,0,0,1,0,0,0
29,0,28.008859320805566,92.69999695,133.0,83.66666666666667,0,0,1.0,1.0,0,1,1,0,0,0
25,0,25.00600171564979,86.0,112.0,72.0,0,0,1.0,1.0,0,0,1,0,0,0
39,0,23.54000268012096,78.59999847,168.0,104.0,0,0,1.0,1.0,0,1,1,0,0,0
42,0,29.51082236800969,83.69999695,114.66666666666669,66.66666666666667,0,1,1.0,1.0,0,1,1,0,1,0
42,1,29.864642728708205,89.80000305,142.0,82.0,0,1,1.0,1.0,1,0,1,0,0,0
57,0,28.64124339048229,91.59999847,153.0,98.0,0,1,2.0,1.0,0,1,1,0,0,0
55,0,23.07678163994187,86.69999695,131.66666666666666,78.33333333333333,0,1,1.0,1.0,0,1,1,0,0,0
35,0,39.726132620669375,109.4000015,120.33333333333331,54.66666666666666,0,0,1.0,1.0,0,1,1,0,0,0
45,0,17.942480769242955,71.19999695,149.33333333333334,81.66666666666667,0,0,1.0,1.0,1,0,1,0,0,0
28,0,26.32043243258189,88.80000305,109.66666666666669,80.66666666666667,0,0,1.0,1.0,1,0,1,0,0,0
52,0,23.36608006359931,89.69999695,159.66666666666666,92.33333333333331,0,0,2.0,2.0,1,0,1,0,0,0
48,1,25.815899412692897,91.0,168.0,113.66666666666669,0,1,1.0,1.0,0,1,1,0,0,0
30,0,19.970413572485207,81.59999847,152.0,97.0,0,0,1.0,1.0,0,1,1,0,0,0
60,0,31.261627023544104,97.69999695,147.33333333333334,88.33333333333333,0,0,1.0,1.0,0,1,1,0,0,0
26,0,24.277988874298355,80.09999847,121.33333333333331,75.33333333333333,0,0,1.0,1.0,0,1,1,0,0,0
42,0,38.41102951209689,117.5999985,171.0,113.0,0,0,1.0,1.0,1,0,1,0,0,0
50,0,21.17051828320723,76.80000305,155.66666666666666,92.66666666666669,0,1,1.0,1.0,1,0,1,0,0,0
30,0,29.726561902343747,87.30000305,117.0,73.0,0,0,1.0,1.0,1,0,1,0,0,0
45,0,36.9529515645807,99.5,122.33333333333331,89.66666666666667,0,0,7.0,2.0,0,1,1,0,0,0
48,1,38.60237642986695,114.3000031,143.0,97.33333333333331,0,1,4.0,4.0,1,0,1,0,0,0
40,0,30.05114566487304,77.59999847,103.33333333333331,68.0,0,1,1.0,1.0,0,0,1,0,0,0
59,0,29.836493721175007,99.19999695,140.66666666666666,89.66666666666667,0,0,1.0,7.0,0,1,1,0,0,1
62,1,21.931841477513547,56.0,131.0,83.66666666666667,1,1,6.0,1.0,1,1,1,0,0,0
47,0,23.08801586515689,81.0,127.33333333333331,79.33333333333333,0,1,7.0,0.0,1,0,1,0,0,1
54,1,20.104214737185725,80.19999695,116.33333333333331,76.66666666666667,0,1,0.0,0.0,0,1,0,0,0,0
46,1,20.02380833002656,68.19999695,104.66666666666669,59.333333333333336,0,0,4.0,3.0,0,0,1,1,1,0
37,0,27.336599814049784,92.0,143.0,90.33333333333331,0,1,3.0,2.0,0,1,1,0,0,0
40,0,29.921874402343747,101.1999969,140.33333333333334,80.0,0,0,0.0,0.0,0,0,1,0,0,0
39,1,20.509659852812383,81.0,130.33333333333334,69.0,0,1,4.0,2.0,1,0,1,0,1,0
53,0,32.79157516657375,103.1999969,118.66666666666669,69.66666666666667,0,0,1.0,5.0,0,1,1,0,1,0
37,1,19.735544873356645,81.0,109.33333333333331,71.0,0,0,3.0,2.0,1,0,0,0,0,0
41,0,31.08002094399064,94.5,127.33333333333331,78.66666666666667,0,1,2.0,4.0,1,0,1,1,1,0
40,0,24.17783509217495,97.40000153,136.33333333333334,87.66666666666667,0,1,2.0,2.0,1,1,1,1,1,0
58,1,21.36479564909297,82.0,133.33333333333334,78.0,0,1,4.0,2.0,0,0,1,0,0,0
56,0,21.98144906049388,88.0,127.33333333333331,75.33333333333333,0,0,2.0,2.0,0,0,0,0,0,0
51,0,29.102787752412347,93.40000153,144.33333333333334,101.0,0,1,3.0,4.0,0,1,1,0,1,0
53,1,27.77777777777778,105.1999969,160.33333333333334,90.66666666666669,0,1,2.0,5.0,1,0,1,1,1,0
25,0,24.27559997280045,96.0,105.66666666666669,72.0,0,0,5.0,1.0,0,1,1,1,1,0
49,0,27.482221910623565,94.0,148.0,85.33333333333333,0,0,3.0,4.0,0,1,1,1,1,0
39,1,30.09495982468956,99.0,196.3333333333333,117.66666666666669,0,0,4.0,2.0,1,0,1,0,0,0
45,0,40.2449005141588,117.0,114.66666666666669,68.33333333333333,0,0,1.0,4.0,0,1,1,0,0,0
37,1,22.0679012345679,71.0,124.33333333333331,58.0,0,0,4.0,1.0,1,1,1,1,1,0
50,1,27.847666387107825,101.0,131.66666666666666,72.33333333333333,0,1,2.0,4.0,1,0,1,1,1,1
37,0,21.367388547759,78.0,101.66666666666669,76.66666666666667,0,1,1.0,3.0,0,1,1,0,1,0
49,1,28.570555987301976,106.0999985,126.33333333333331,74.0,0,1,2.0,4.0,1,1,1,1,0,0
59,1,32.16130500613684,104.0,155.0,85.0,0,1,3.0,4.0,0,1,1,1,0,0
48,0,23.87175937642656,86.0,175.0,96.33333333333331,0,0,4.0,2.0,1,1,1,0,1,0
43,0,23.872798522589072,78.0,145.33333333333334,89.33333333333333,0,1,4.0,3.0,0,1,1,0,1,0
28,0,30.218058227930445,90.0,128.0,84.0,0,1,3.0,6.0,1,1,1,0,0,0
60,1,10.0009998559612,75.0,180.3333333333333,87.33333333333333,0,0,3.0,6.0,0,0,1,1,0,0
62,1,17.13809228881711,71.0,149.33333333333334,83.0,0,1,2.0,4.0,1,0,1,0,0,0
32,0,58.77053997764799,101.0,157.0,100.0,0,0,1.0,2.0,0,1,1,0,0,0
27,0,26.058289090007108,95.0,108.0,58.66666666666666,0,1,1.0,2.0,0,1,1,0,0,0
25,0,23.2445945353274,76.0,103.0,64.66666666666667,0,1,2.0,4.0,1,0,1,0,1,0
36,1,21.43346973851962,79.0,141.0,80.0,0,1,2.0,2.0,1,0,1,0,1,0
33,0,27.34390909570368,71.0,116.66666666666669,71.0,0,0,2.0,2.0,1,0,1,0,0,0
36,1,40.5545523950089,79.40000153,119.33333333333331,78.33333333333333,0,0,2.0,2.0,1,0,0,0,0,0
25,0,37.74348634461263,94.19999695,127.66666666666669,66.33333333333333,0,0,3.0,2.0,0,0,0,0,0,0
29,0,27.847666387107825,92.09999847,111.0,66.0,0,1,7.0,2.0,1,1,1,0,0,0
60,0,30.21370275178062,98.0,127.33333333333331,80.33333333333333,0,1,2.0,5.0,0,1,1,0,0,0
27,0,24.62898947621777,86.0,146.33333333333334,80.33333333333333,0,1,1.0,4.0,0,0,1,0,0,1
30,0,27.83932990543366,110.0,134.33333333333334,92.66666666666669,0,1,1.0,4.0,0,1,1,1,1,0
63,0,21.6135306395524,92.0,173.33333333333334,98.66666666666669,0,1,1.0,5.0,0,1,1,0,1,0
35,0,25.024655461045363,83.0,145.66666666666666,99.33333333333331,0,1,3.0,4.0,0,0,1,0,0,0
49,1,17.244878442913272,73.0,134.33333333333334,76.66666666666667,0,1,2.0,4.0,0,0,1,0,0,0
60,0,23.646435519297302,93.0,170.66666666666666,100.66666666666669,0,1,2.0,7.0,0,0,1,0,0,0
29,1,29.88167148428273,82.0,133.33333333333334,75.33333333333333,0,1,3.0,6.0,0,0,1,1,1,0
25,1,10.0009998559612,76.0,142.0,79.0,0,1,2.0,8.0,0,0,1,1,1,0
34,0,32.959347109233185,106.0,136.33333333333334,84.66666666666667,0,0,4.0,6.0,0,0,1,0,1,0
51,0,23.666741467587435,88.0,192.66666666666663,119.66666666666669,0,1,2.0,4.0,0,0,1,0,0,0
49,0,24.941247418427672,86.0,137.0,87.66666666666667,0,0,5.0,8.0,0,0,1,0,0,0
44,0,34.88206477127787,81.0,152.33333333333334,97.33333333333331,0,1,4.0,5.0,0,1,1,1,1,0
34,0,20.446742023841672,84.0,113.66666666666669,71.66666666666667,0,0,4.0,3.0,0,1,0,0,0,0
61,0,31.59251780291885,83.0,130.0,75.66666666666667,0,0,3.0,10.0,0,1,1,0,0,0
62,0,32.67129165331211,99.0,117.33333333333331,79.66666666666667,0,1,4.0,10.0,0,0,1,0,0,0
59,0,31.446227945347253,99.0,125.66666666666669,81.66666666666667,0,1,2.0,10.0,0,0,1,0,0,0
30,0,23.49332029147938,84.0,114.0,64.33333333333333,0,1,2.0,5.0,0,0,1,0,1,0
38,0,28.67958031235069,96.0,133.33333333333334,76.66666666666667,0,1,2.0,5.0,0,1,1,0,0,0
34,1,19.957595044749905,83.0,125.66666666666669,67.33333333333333,0,1,3.0,4.0,0,0,1,0,1,0
60,1,23.75908697061088,102.0,123.0,74.33333333333333,0,1,3.0,5.0,0,0,1,0,0,0
32,1,22.553539610875003,76.0,149.0,75.0,0,0,2.0,4.0,0,0,1,0,0,0
27,1,35.89055070764988,102.0,122.33333333333331,62.66666666666666,0,0,0.0,3.0,0,1,1,0,0,0
31,1,20.692041259515573,81.0,139.0,86.0,0,1,2.0,2.0,0,0,1,1,1,0
56,1,30.5367655353823,98.0,125.66666666666669,76.66666666666667,0,0,1.0,10.0,0,0,1,0,0,0
49,0,39.823409367092346,128.0,151.66666666666666,101.33333333333331,0,1,1.0,9.0,0,1,1,0,1,0
42,0,23.274672506126088,83.40000153,162.0,88.66666666666667,0,1,3.0,4.0,0,1,1,0,1,1
53,0,19.409931655351624,83.0,131.33333333333334,87.0,0,1,4.0,5.0,0,1,1,0,0,0
52,0,25.50976526384102,91.0,168.33333333333334,91.33333333333331,0,0,6.0,4.0,0,0,1,0,0,0
53,0,30.457655947153988,106.0,138.66666666666666,83.33333333333333,0,1,4.0,5.0,0,0,1,0,0,0
49,0,27.504668821420164,91.0,180.3333333333333,110.66666666666669,0,1,1.0,2.0,0,0,1,0,0,0
30,1,25.738626548037324,84.0,136.0,80.33333333333333,0,0,2.0,4.0,0,1,1,0,1,0
27,0,24.648436902343747,91.0,117.33333333333331,69.33333333333333,0,0,3.0,3.0,0,0,1,0,0,0
51,0,21.653610810007773,84.0,156.33333333333334,98.0,0,1,2.0,4.0,0,1,1,0,1,0
33,0,18.07681688224358,68.0,107.66666666666669,71.33333333333333,0,0,2.0,3.0,0,0,0,0,0,0
30,1,20.43860466932725,69.0,126.33333333333331,69.66666666666667,0,0,5.0,3.0,1,0,0,1,0,0
48,1,31.37355754901107,104.0,208.66666666666663,123.33333333333331,0,1,3.0,4.0,0,0,1,0,0,0
63,1,29.60617440591821,107.0,154.66666666666666,90.0,0,1,4.0,4.0,0,1,1,0,1,1
63,0,35.19024727432683,111.0,135.33333333333334,79.0,0,0,3.0,4.0,0,0,1,0,0,0
42,0,23.30225141171488,89.0,120.0,81.0,0,1,2.0,1.0,0,1,1,0,0,0
46,1,33.92969117254358,104.0,169.33333333333334,104.0,0,1,4.0,4.0,1,1,1,0,1,0
25,0,23.42209072978304,82.0,128.0,64.0,0,0,2.0,4.0,0,0,1,0,0,0
30,0,21.5470696551816,79.0,110.66666666666669,71.33333333333333,0,0,2.0,4.0,0,0,1,0,0,0
34,1,21.55100404290153,83.0,125.66666666666669,71.0,1,1,2.0,4.0,1,0,1,1,1,0
37,1,22.58126386650591,84.0,140.66666666666666,84.33333333333333,0,1,4.0,4.0,1,1,1,1,1,0
64,1,18.83926289256052,78.0,113.66666666666669,67.66666666666667,0,0,3.0,4.0,0,0,0,0,0,0
42,0,21.791380199487257,83.0,153.33333333333334,95.33333333333331,0,0,2.0,4.0,0,1,1,0,0,0
28,0,22.17354905369981,86.0,122.0,81.33333333333333,0,1,2.0,2.0,0,0,1,0,0,0
28,1,18.991957141961464,76.0,118.33333333333331,67.66666666666667,0,0,2.0,2.0,1,0,0,0,0,0
45,0,21.07685657075075,85.0,124.33333333333331,76.0,0,1,1.0,2.0,1,0,1,0,0,0
46,0,17.85532195794163,76.0,111.66666666666669,71.33333333333333,0,0,1.0,2.0,1,0,1,0,0,0
46,1,19.014397069183683,75.0,113.33333333333331,68.66666666666667,1,0,2.0,2.0,1,0,1,0,0,0
60,0,19.85367793349008,81.0,126.0,68.66666666666667,0,1,1.0,4.0,0,0,1,0,0,0
50,0,26.942542939032904,95.0,160.0,86.66666666666667,0,0,0.0,3.0,0,0,1,0,0,0
55,1,20.844733044452564,81.0,157.0,100.33333333333331,0,1,3.0,2.0,1,1,1,0,1,0
44,1,20.85304067620352,76.0,113.66666666666669,63.0,0,0,4.0,12.0,1,1,1,0,1,0
46,0,10.0009998559612,101.0,104.33333333333331,67.33333333333333,0,1,3.0,4.0,0,0,1,0,0,0
63,1,17.698547022111164,78.0,156.0,86.33333333333333,0,1,2.0,4.0,1,0,1,0,0,0
30,0,34.10416229866228,110.0,131.66666666666666,80.33333333333333,0,0,2.0,2.0,0,0,1,0,0,0
39,0,38.24933651597805,113.0,130.33333333333334,81.33333333333333,0,1,3.0,2.0,0,1,1,0,0,0
47,0,18.902038132807363,76.0,97.0,69.0,0,0,1.0,2.0,0,0,1,0,0,0
39,0,28.62752660881096,98.0,105.66666666666669,71.33333333333333,0,1,4.0,2.0,0,0,1,0,0,0
40,0,21.658591590098368,78.0,189.66666666666663,112.0,0,1,1.0,2.0,0,0,1,0,0,0
37,0,32.12291771238643,107.1999969,120.0,73.0,0,1,12.0,2.0,0,0,1,0,0,0
30,1,22.13441251842965,78.0,139.0,73.66666666666667,0,0,3.0,2.0,1,1,1,1,0,0
27,0,22.62795449138113,85.0,111.33333333333331,76.33333333333333,0,0,2.0,1.0,0,0,1,0,0,0
35,0,35.50530233427999,110.0,111.33333333333331,68.33333333333333,0,0,2.0,1.0,0,1,1,0,0,0
34,0,21.61723691621899,104.0,126.66666666666669,84.66666666666667,0,0,1.0,3.0,0,0,1,0,0,0
37,0,25.31277763489902,96.0,112.66666666666669,70.66666666666667,0,0,2.0,2.0,0,1,1,0,0,0
25,0,25.507438939813937,86.0,109.0,64.66666666666667,0,1,3.0,1.0,0,0,1,0,0,0
31,0,31.37201184303436,110.0,106.66666666666669,80.33333333333333,0,0,3.0,3.0,0,0,1,0,0,0
32,0,21.400430134061164,76.0,103.33333333333331,56.0,0,0,1.0,2.0,0,1,1,0,0,0
25,1,19.514671558712696,73.0,119.0,77.0,0,0,2.0,2.0,0,1,1,0,0,0
35,1,21.15918466938776,85.0,121.33333333333331,72.33333333333333,0,1,1.0,2.0,0,1,1,0,1,0
31,1,21.322449975510203,88.0,128.33333333333334,80.0,0,1,1.0,2.0,0,1,1,0,1,0
43,0,20.33748348581577,82.0,104.33333333333331,66.0,0,1,1.0,4.0,0,1,1,0,0,0
52,1,17.71774524032698,82.0,108.33333333333331,66.66666666666667,1,1,2.0,4.0,0,1,1,0,0,0
32,0,23.629150220205208,83.0,118.66666666666669,73.66666666666667,0,1,1.0,2.0,0,1,1,0,0,0
59,1,27.42725725894604,98.0,140.0,89.66666666666667,0,0,3.0,4.0,1,0,1,1,0,0
29,1,20.0320438450735,71.0,125.66666666666669,70.66666666666667,0,0,1.0,1.0,1,0,1,0,1,1
50,0,32.669653750611616,111.1999969,180.0,113.33333333333331,0,0,2.0,4.0,0,0,0,0,0,0
26,0,23.67065813105495,71.0,116.33333333333331,75.33333333333333,0,0,2.0,2.0,0,1,1,0,0,0
49,0,32.75673900351619,108.9000015,159.0,97.33333333333331,0,1,3.0,2.0,0,0,1,0,1,0
29,1,22.153417101392524,78.0,113.33333333333331,71.0,0,0,5.0,4.0,1,0,1,1,1,0
53,1,22.165933354684057,85.0,139.33333333333334,89.33333333333333,0,1,4.0,1.0,0,0,1,0,1,0
53,0,18.94728378464989,81.0,192.3333333333333,104.0,0,0,4.0,3.0,0,0,1,0,0,0
32,0,26.308506683871663,84.0,123.66666666666669,81.66666666666667,0,1,1.0,2.0,0,1,1,0,0,0
39,0,23.49574845567216,73.0,116.66666666666669,76.33333333333333,0,0,1.0,1.0,0,1,1,0,0,0
42,0,26.83267339322996,97.0,115.66666666666669,83.33333333333333,0,0,2.0,1.0,1,0,1,0,0,0
31,1,26.03031591736042,93.0,114.66666666666669,65.66666666666667,0,1,2.0,2.0,0,0,1,1,0,0
25,1,18.124515402384045,75.0,107.33333333333331,61.66666666666666,0,0,3.0,1.0,1,0,1,1,0,0
31,0,25.292141390049245,91.0,110.0,62.66666666666666,0,1,4.0,2.0,0,0,1,0,0,0
31,1,26.15359588803846,89.0,119.66666666666669,70.0,0,0,2.0,1.0,1,0,1,0,0,0
28,0,22.87491962717586,91.0,116.0,78.0,0,0,2.0,2.0,1,0,1,0,0,0
43,0,29.14053986391747,93.19999695,111.33333333333331,71.0,0,0,2.0,4.0,0,1,1,0,0,0
27,0,20.370754653008124,79.09999847,106.33333333333331,69.66666666666667,0,0,3.0,2.0,1,0,1,0,0,0
31,1,21.771673747013704,72.09999847,143.0,87.66666666666667,0,0,1.0,2.0,1,0,1,1,1,0
25,1,27.23157400885628,76.80000305,119.5,67.0,0,0,1.0,2.0,0,0,1,1,0,0
32,0,28.40219505958225,97.19999695,134.66666666666666,76.33333333333333,0,0,2.0,2.0,1,0,1,0,0,0
46,0,32.89493513529857,101.0999985,124.0,82.66666666666667,0,1,1.0,2.0,0,0,1,0,0,0
34,0,31.327543283477787,100.0,118.33333333333331,74.33333333333333,0,0,1.0,2.0,0,0,1,0,0,0
46,0,40.14512517729944,105.5,131.66666666666666,83.66666666666667,0,0,1.0,2.0,0,1,1,1,0,0
25,0,19.11299293082991,70.5,107.33333333333331,71.33333333333333,0,0,1.0,1.0,0,0,1,0,0,0
33,1,28.16606999064246,94.0,124.66666666666669,72.0,0,1,2.0,3.0,1,0,1,0,0,0
39,0,27.579999221173733,92.40000153,124.66666666666669,89.33333333333333,0,1,3.0,2.0,1,0,1,0,0,0
36,0,27.4384446799084,96.09999847,114.66666666666669,70.0,0,0,1.0,1.0,0,0,1,0,0,0
43,0,32.472446520960325,105.3000031,143.33333333333334,90.0,0,0,2.0,3.0,1,0,0,0,0,0
29,0,26.61227893311938,96.0,137.33333333333334,91.66666666666669,0,0,2.0,2.0,0,0,1,0,0,0
32,0,27.1845386262494,94.30000305,122.33333333333331,80.33333333333333,0,0,2.0,2.0,0,1,1,0,0,0
26,1,25.55192593472382,83.09999847,131.33333333333334,76.66666666666667,0,1,3.0,2.0,1,0,1,0,1,0
26,0,25.258600889647266,72.09999847,111.33333333333331,73.66666666666667,0,0,2.0,2.0,1,0,1,0,0,0
31,0,24.1623724147924,66.5,115.0,84.33333333333333,0,1,2.0,3.0,0,0,1,0,0,0
32,0,30.205005545454377,89.09999847,122.66666666666669,72.66666666666667,0,0,2.0,2.0,1,0,1,0,0,0
27,0,32.337992711780416,94.80000305,132.66666666666666,80.66666666666667,0,1,2.0,2.0,0,1,0,0,0,0
35,0,30.11035648013508,103.1999969,135.0,93.66666666666669,0,0,3.0,2.0,0,1,1,0,0,0
41,1,23.1463353086033,86.0,150.0,99.66666666666669,0,1,5.0,2.0,1,0,1,0,1,0
30,0,25.258600889647266,115.1999969,137.66666666666666,76.33333333333333,0,0,3.0,2.0,1,0,1,0,0,0
29,0,31.437157001808384,100.0999985,121.0,75.0,0,0,2.0,2.0,0,0,1,1,0,0
26,0,28.19461224769833,80.5,149.0,90.66666666666669,0,0,1.0,2.0,1,0,1,0,0,0
37,0,28.652332192563463,100.0,136.66666666666666,80.66666666666667,0,1,2.0,3.0,0,0,1,1,0,0
27,1,27.08776380960065,87.0,133.66666666666666,88.0,0,0,3.0,2.0,1,0,1,0,0,0
32,1,31.45643114153213,88.90000153,121.66666666666669,84.0,0,1,2.0,1.0,1,0,1,1,1,0
25,0,24.113578367667422,85.09999847,106.33333333333331,70.0,0,0,1.0,2.0,0,1,0,0,0,0
35,0,25.42910804508325,87.09999847,158.33333333333334,93.0,0,0,3.0,2.0,0,0,1,0,0,0
32,0,32.38281309765624,108.0999985,115.0,76.66666666666667,0,0,2.0,2.0,0,1,1,0,0,0
36,1,29.83266736941857,98.40000153,120.66666666666669,80.0,0,0,2.0,2.0,1,0,1,0,0,0
36,0,25.807055769346263,97.19999695,146.0,90.0,0,1,3.0,2.0,1,0,1,0,0,0
42,0,28.86818495775299,92.09999847,154.33333333333334,111.66666666666669,0,1,1.0,2.0,1,0,1,0,0,0
30,0,19.20391994029888,90.5,139.0,102.0,0,1,2.0,2.0,0,1,1,0,1,0
29,0,21.29068608055535,92.09999847,136.33333333333334,95.0,0,0,1.0,2.0,0,0,0,0,0,0
27,0,10.0009998559612,72.0,123.33333333333331,82.0,0,1,1.0,2.0,0,1,0,0,0,0
32,0,41.25057709815619,114.0,127.66666666666669,74.33333333333333,0,1,2.0,2.0,0,1,0,0,0,0
30,0,10.0009998559612,95.30000305,107.33333333333331,77.33333333333333,0,0,2.0,2.0,1,0,1,0,0,0
41,0,29.16933268094396,90.09999847,113.66666666666669,67.0,0,0,2.0,2.0,0,1,0,0,0,0
30,0,29.40795763114514,90.5,123.66666666666669,87.66666666666667,0,1,1.0,2.0,0,1,1,0,0,0
31,0,22.294888425936072,84.59999847,122.66666666666669,77.0,0,1,2.0,3.0,0,1,1,0,0,0
49,1,20.80403405154104,82.09999847,132.66666666666666,95.33333333333331,0,1,2.0,3.0,1,0,1,0,0,0
41,0,23.66430141250343,83.09999847,116.0,69.33333333333333,0,1,3.0,2.0,0,1,1,0,0,0
26,0,31.32792995929916,89.80000305,119.33333333333331,75.33333333333333,0,0,2.0,7.0,0,0,1,0,0,0
32,0,34.63835940624876,106.9000015,118.66666666666669,80.0,0,0,2.0,3.0,0,1,0,0,0,0
33,1,34.40512254415382,110.0999985,131.66666666666666,84.0,0,1,3.0,4.0,1,0,0,0,1,0
48,0,28.403090964131746,89.09999847,160.33333333333334,95.33333333333331,0,1,3.0,2.0,0,0,1,0,0,0
53,1,32.43739575956323,108.0999985,207.0,114.33333333333331,0,0,3.0,2.0,0,0,0,0,0,0
35,1,30.044143222831952,97.09999847,150.33333333333334,100.0,0,1,3.0,3.0,1,0,1,0,0,0
47,1,28.1522695858436,100.0,163.66666666666666,99.33333333333331,0,1,1.0,2.0,0,1,1,0,1,0
27,0,20.294259389893327,68.09999847,117.66666666666669,82.0,0,1,2.0,3.0,1,0,0,0,0,1
45,1,27.02682948633755,87.19999695,172.0,105.33333333333331,0,1,4.0,2.0,1,0,1,0,0,0
26,0,24.082237856879857,87.19999695,100.0,68.33333333333333,0,0,2.0,3.0,0,1,1,0,1,0
53,0,33.56581788191579,102.3000031,115.33333333333331,87.0,0,0,4.0,3.0,0,0,1,0,0,0
28,0,22.495489493227208,79.09999847,109.66666666666669,79.33333333333333,0,0,6.0,3.0,0,0,1,0,0,0
61,0,26.332140259471515,93.09999847,160.33333333333334,92.0,0,0,3.0,3.0,0,0,1,0,0,1
41,1,22.02023471309776,79.30000305,129.33333333333334,81.66666666666667,0,1,2.0,3.0,0,0,1,0,1,0
53,0,47.6495157890775,116.4000015,149.33333333333334,98.33333333333331,0,1,2.0,2.0,1,0,1,0,0,0
34,0,32.987228074726794,101.3000031,159.66666666666666,102.0,0,0,3.0,2.0,1,0,1,0,0,0
27,0,29.81446444008032,85.69999695,121.66666666666669,78.66666666666667,0,0,3.0,2.0,0,1,1,0,0,0
41,1,32.19491805923125,97.09999847,174.66666666666666,109.0,0,1,2.0,3.0,1,0,1,0,0,0
46,1,25.767218043006046,89.30000305,164.66666666666666,100.66666666666669,0,1,2.0,3.0,0,0,1,1,0,0
31,1,25.35618127398061,89.0,138.66666666666666,68.0,0,1,4.0,3.0,0,1,1,0,1,0
25,1,20.797591656454607,73.5,121.33333333333331,72.66666666666667,0,0,4.0,3.0,1,0,1,1,0,0
32,1,32.07223418570771,112.5,184.66666666666663,128.0,0,1,2.0,2.0,0,0,1,0,0,0
27,0,25.783136883735747,72.0,134.0,77.0,0,0,2.0,2.0,0,1,1,0,0,0
27,0,23.849464867825706,85.09999847,129.33333333333334,87.33333333333333,0,0,2.0,3.0,0,1,1,0,1,0
44,0,26.625470822664035,91.80000305,109.66666666666669,73.0,0,0,3.0,2.0,0,0,1,0,0,0
38,0,27.651637613717927,81.59999847,126.66666666666669,89.0,0,0,3.0,2.0,0,1,1,0,0,0
53,0,25.444224450912003,98.19999695,108.33333333333331,68.66666666666667,0,0,3.0,2.0,0,0,0,0,0,0
27,0,20.80702851608257,71.5,118.0,80.0,0,0,2.0,1.0,0,1,1,0,0,0
63,0,10.0009998559612,92.30000305,134.66666666666666,77.66666666666667,0,0,4.0,3.0,0,0,1,0,0,0
29,0,28.824469580873583,96.19999695,121.33333333333331,84.0,0,0,3.0,3.0,0,1,1,0,0,0
30,1,20.114270693975744,73.5,115.33333333333331,63.66666666666666,0,1,2.0,1.0,1,0,1,0,0,0
47,1,23.60650869202588,81.19999695,143.33333333333334,82.0,1,1,4.0,2.0,1,0,1,0,0,0
38,0,28.028026927828726,87.5,135.0,88.0,0,1,4.0,2.0,1,0,1,0,0,0
49,1,21.86955797879152,83.40000153,127.66666666666669,74.33333333333333,0,0,4.0,2.0,1,1,1,0,0,0
34,0,30.964188448117543,99.09999847,130.0,80.66666666666667,0,0,3.0,2.0,0,0,1,0,0,0
64,1,26.36079812286349,99.09999847,164.33333333333334,102.0,0,1,3.0,2.0,1,0,1,0,0,0
35,1,31.282808710721547,98.30000305,124.66666666666669,81.33333333333333,0,0,3.0,2.0,1,0,0,0,0,0
37,0,24.01705897937324,89.90000153,116.0,78.66666666666667,0,0,4.0,2.0,1,0,1,0,0,0
31,1,25.155205356516024,87.30000305,141.33333333333334,79.0,0,1,4.0,3.0,0,1,1,0,1,0
33,0,23.792013454666108,83.40000153,120.66666666666669,72.66666666666667,0,1,4.0,1.0,1,0,1,0,0,0
35,0,26.484864929065083,90.30000305,121.0,70.66666666666667,0,1,3.0,1.0,1,0,1,0,0,0
62,0,20.36915848437189,88.09999847,130.0,80.0,0,1,2.0,1.0,1,0,1,0,0,0
31,0,28.263414863392104,95.09999847,140.0,87.0,0,0,4.0,2.0,0,1,1,0,0,0
40,1,20.42507060683725,71.19999695,115.33333333333331,80.0,0,0,2.0,2.0,1,0,1,0,0,0
62,1,18.396859527087383,68.09999847,169.33333333333334,107.0,0,0,3.0,1.0,1,0,1,0,0,0
25,1,30.35026810105534,92.5,129.0,72.33333333333333,0,1,3.0,2.0,1,0,1,1,0,0
45,0,34.150671422200354,106.0,140.33333333333334,85.66666666666667,0,0,1.0,1.0,0,1,1,0,0,0
27,0,21.34724724262981,76.80000305,113.33333333333331,74.33333333333333,0,0,4.0,2.0,0,1,1,0,0,0
47,0,21.43195037693693,83.09999847,102.66666666666669,70.0,0,1,3.0,2.0,0,1,1,0,0,0
28,0,31.919690351021305,94.09999847,123.66666666666669,79.33333333333333,0,0,3.0,2.0,0,1,1,0,0,0
32,0,22.050956575008644,75.80000305,108.66666666666669,65.33333333333333,0,0,2.0,2.0,0,1,1,0,0,0
40,0,21.40273058290752,86.40000153,111.33333333333331,73.33333333333333,0,1,2.0,1.0,0,1,1,0,0,0
64,1,20.687796240217608,86.90000153,150.0,88.66666666666667,0,1,2.0,1.0,1,0,1,0,0,0
36,0,21.001228299584337,72.80000305,137.0,89.0,0,0,1.0,2.0,0,1,1,0,0,0
33,0,20.75451272687965,79.40000153,123.33333333333331,82.33333333333333,0,1,3.0,1.0,0,1,1,0,0,0
32,0,26.843260302987083,91.30000305,114.33333333333331,75.0,0,1,3.0,2.0,0,1,1,0,0,0
26,1,23.320870913951403,92.5,152.0,95.0,1,1,2.0,1.0,0,0,1,0,0,0
26,1,22.03133861273489,83.09999847,116.66666666666669,80.33333333333333,1,1,2.0,2.0,0,1,1,0,1,0
31,1,21.280743513710863,74.90000153,120.33333333333331,63.333333333333336,0,1,1.0,1.0,1,0,1,1,0,0
64,1,22.12777702110818,57.5,103.66666666666669,59.0,0,1,2.0,2.0,0,1,1,0,1,0
27,0,22.64131720058584,91.0,104.0,68.0,0,0,3.0,2.0,0,1,1,0,0,0
57,0,23.544437173131225,79.5,116.0,71.66666666666667,0,1,1.0,1.0,0,1,1,0,0,0
41,1,23.637692192841488,83.59999847,124.66666666666669,81.33333333333333,0,1,2.0,1.0,1,0,1,0,0,1
47,0,33.58313213032853,96.19999695,117.0,79.33333333333333,0,0,2.0,3.0,1,0,1,0,1,0
31,0,24.3935937661257,94.59999847,110.33333333333331,72.33333333333333,0,1,2.0,1.0,0,1,1,0,0,0
46,0,27.94321709865654,109.3000031,114.0,79.0,0,1,2.0,1.0,0,1,1,0,0,0
25,0,28.73601608907089,94.69999695,116.66666666666669,62.333333333333336,0,1,2.0,2.0,0,1,1,0,0,0
55,0,18.450985219931884,70.30000305,179.66666666666666,109.0,0,0,2.0,1.0,0,0,1,0,0,0
25,0,20.47117643714704,67.09999847,102.66666666666669,63.0,0,0,5.0,1.0,0,1,1,0,0,0
52,1,18.68107235275547,76.0,124.33333333333331,87.0,1,1,1.0,1.0,0,1,1,0,0,0
28,0,25.96981506726896,95.80000305,108.66666666666669,63.333333333333336,0,0,3.0,1.0,0,0,1,0,1,0
30,0,19.708771140060648,68.09999847,123.66666666666669,77.0,0,0,2.0,1.0,0,0,1,0,0,0
30,0,21.7838763979366,80.90000153,106.66666666666669,66.66666666666667,0,0,2.0,2.0,0,1,1,0,0,0
45,0,24.378645098553,88.09999847,124.0,73.33333333333333,0,1,2.0,1.0,0,1,1,0,0,0
59,0,19.251895623679992,77.90000153,145.0,85.0,0,0,2.0,1.0,1,0,1,0,0,0
52,1,28.074797886574093,97.40000153,115.33333333333331,75.66666666666667,0,0,1.0,1.0,1,0,1,0,0,0
